create table t_link(
   id bigint not null unique primary key auto_increment,
   name varchar(20),
   url varchar (100),
   sort int (11),
   remark varchar (100)
);

create table t_menu(
   id bigint not null unique primary key auto_increment,
   name varchar(20),
   url varchar(100),
   color varchar(20),
   strong bit default 0,
   sort int
);

insert into `t_menu`(`id`,`name`,`url`,`color`,`strong`,`sort`) values
    (1,'首页','/','black','\0',1),
    (2,'课程','/course/list','black','\0',2),
    (3,'Java全栈学习路线图','/article/1','black','',3),
    (4,'VIP会员','/toPayVip','red','',4),
    (6,'关于锋哥','/article/14','#e11717','',6);


create table t_carousel_article(
    id bigint not null unique primary key auto_increment,
    name varchar(20),
    url varchar(100),
    image_name varchar(40),
    sort int
);

insert  into `t_carousel_article`(`id`,`name`,`url`,`image_name`,`sort`) values
    (1,'java1234 vip','http://www.java1234.vip/vip.html','20200713125857.jpg',6),
    (2,'java学习路线图','http://www.java1234.vip/luxiantu.html','20200710085038.png',2),
    (3,'dubbo课程','http://www.java1234.vip/course/1.html','20200710112256.png',3),
    (4,'spring cloud课程','http://www.java1234.vip/course/3.html','20200710120817.jpg',4);

create table t_teacher(
    id bigint not null unique  primary key auto_increment,
    username varchar(20),
    remark varchar(200),
    image_name varchar(40)
);

create table t_course_type(
    id bigint not null primary key unique auto_increment,
    name varchar(20),
    sort int,
    remark varchar(200)
);

create table t_course(
    id bigint not null primary key unique auto_increment,
    name varchar(100),
    image_name varchar(40),
    type varchar(10),
    view int,
    introduction content,
    catalog content,
    download varchar(1000),
    url varchar(200),
    hktj bit default b'0',
    sort1 int,
    zxkc bit default b'0',
    sort2 int,
    mfkc bit default b'0',
    sort3 int,
    szkc bit default b'0',
    sort4 int,
    type_Id bigint,
    teacher_id bigint,
    constraint foreign key (type_Id) references t_course_type(id),
    constraint foreign key (teacher_id) references t_teacher(id)
);

insert  into `t_course_type`(`id`,`name`,`sort`,`remark`) values
    (1,'前端技术',1,'xx'),(2,'Java后端技术',2,NULL),(3,'数据库',3,NULL),(4,'服务器',4,NULL),
    (5,'开发工具',5,NULL),(6,'Java组件',6,NULL),(7,'微服务',7,NULL),(10,'微信小程序',22,'微信小程序测速');

insert  into `t_teacher`(`id`,`username`,`remark`,`image_name`) values
    (1,'小锋','一枚java全栈架构讲师...','20200627101459.jpg'),
    (2,'小丽','java架构师一枚','20200428101630.jpg');

insert  into `t_course`(`id`,`name`,`image_name`,`type`,`view`,`introduction`,`catalog`,`download`,`url`,`hktj`,`sort1`,`zxkc`,`sort2`,`mfkc`,`sort3`,`szkc`,`sort4`,`type_Id`,`teacher_id`) values (66,'GIT视频教程','20200710080657.jpg','free',6766,'<p><img alt=\"\" src=\"/articleImages/20200708033530.jpg\" style=\"height:111px; width:243px\" /></p>\n\n<p>Git 是一个开源的分布式版本控制系统，用于敏捷高效地处理任何或小或大的项目。</p>\n\n<p>Git 是 Linus Torvalds 为了帮助管理 Linux 内核开发而开发的一个开放源码的版本控制软件。</p>\n\n<p>Git 与常用的版本控制工具 CVS, Subversion 等不同，它采用了分布式版本库的方式，不必服务器端软件支持。</p>\n\n<p>本教程(结合github,码云)讲解GIT。</p>\n\n<p>本教程持续更新中...</p>\n','<p>P11_GIT简介<br />\nP22_GIT客户端安装<br />\nP33_GIT本地库操作基本原理<br />\nP44_git config设置全局用户<br />\nP55_git init初始化版本库<br />\nP66_git status查看操作状态<br />\nP77_git add添加到暂时区<br />\nP88_git commit提交到版本库<br />\nP99_Eclipse中GIT插件介绍<br />\nP1010_Eclipse中GIT初始化版本库<br />\nP1111_Eclipse中设置项目级别GIT签名<br />\nP1212_Eclipse中GIT图标介绍<br />\nP1313_Eclipse中配置GIT忽略项目配置文件和目标文件<br />\nP1414_Eclipse中GIT添加到暂存区<br />\nP1515_Eclipse中GIT提交到版本库<br />\nP1616_Eclipse中GIT历史版本比较和回退<br />\nP1717_git revert commit撤销提交<br />\nP1818_IDEA中GIT插件介绍<br />\nP1919_IDEA中GIT初始化版本库<br />\nP2020_IDEA中GIT图标颜色介绍<br />\nP2121_IDEA配置GIT忽略项目配置文件和目标文件<br />\nP2222_IDEA中GIT添加到暂存区<br />\nP2323_IDEA中GIT提交到版本库<br />\nP2424_IDEA中GIT历史版本比较和回退<br />\nP2525_Github简介<br />\nP2626_注册和登录Github<br />\nP2727_Github创建远程库<br />\nP2828_eclipse本地工程项目push推送到远程库<br />\nP2929_eclipse clone克隆github 远程库工程到本地<br />\nP3030_github团队开发基本流程<br />\nP3131_github团队开发之申请加入团队<br />\nP3232_eclipse&amp;github团队成员修改工程后push推送<br />\nP3333_pull从远程库拉取最新代码<br />\nP3434_eclipse提交github远程库冲突解决</p>\n\n<p>持续更新中...</p>\n','<p>关注java1234公众号 回复&nbsp; git&nbsp; 获取 视频教程和源码</p>\n\n<p><img alt=\"\" src=\"/articleImages/20200708033832.jpg\" style=\"height:207px; width:210px\" /></p>\n\n<p>&nbsp;</p>\n','https://www.bilibili.com/video/BV1LZ4y1W7Ld','',8,'',2,'',1,'\0',NULL,4,1),(67,'svn视频教程','20200710082513.jpg','free',8921,'<p><img alt=\"\" src=\"/articleImages/20200708054820.jpg\" style=\"height:297px; width:492px\" /></p>\n\n<p>SVN是subversion的缩写，是一个开放源代码的版本控制系统，通过采用分支管理系统的高效管理，简而言之就是用于多个人共同开发同一个项目，实现共享资源，实现最终集中式的管理。</p>\n','<p>svn视频教程<br />\n|____SVN视频教程课件.html<br />\n|____9_eclipse提交新增或者修改到svn.mp4<br />\n|____8_eclipse从svn服务器检出项目.mp4<br />\n|____7_eclipse 分享项目到svn (share project) .mp4<br />\n|____6_eclipse svn插件安装.mp4<br />\n|____5_SVN基本操作讲解.mp4<br />\n|____4_SVN客户端安装.mp4<br />\n|____3_SVN服务端管理工具基本使用.mp4<br />\n|____2_SVN服务端安装.mp4<br />\n|____20_idea svn恢复历史版本代码.mp4<br />\n|____1_SVN简介.mp4<br />\n|____19_idea svn代码文件内容冲突解决.mp4<br />\n|____18_idea更新svn服务器最新代码.mp4<br />\n|____17_idea提交新增或者修改到svn.mp4<br />\n|____16_idea从svn服务器检出项目.mp4<br />\n|____15_idea删除项目.mp4<br />\n|____14_idea配置连接svn账号密码.mp4<br />\n|____13_idea 分享项目到svn (share project) .mp4<br />\n|____12_eclipse svn恢复历史版本代码.mp4<br />\n|____11_eclipse svn代码文件内容冲突解决.mp4<br />\n|____10_eclipse更新svn服务器最新代码.mp4<br />\n|____资料<br />\n&nbsp;&nbsp;&nbsp;&nbsp;&nbsp;&nbsp;&nbsp;&nbsp;&nbsp;&nbsp;|____VisualSVN-Server-4.2.2-x64.msi<br />\n&nbsp;&nbsp;&nbsp;&nbsp;&nbsp;&nbsp;&nbsp;&nbsp;&nbsp;&nbsp;|____TortoiseSVN-1.10.5.28651-x64-svn-1.10.6.msi<br />\n&nbsp;&nbsp;&nbsp;&nbsp;&nbsp;&nbsp;&nbsp;&nbsp;&nbsp;&nbsp;|____LanguagePack_1.13.1.28686-x64-zh_CN.msi<br />\n&nbsp;&nbsp;&nbsp;&nbsp;&nbsp;&nbsp;&nbsp;&nbsp;&nbsp;&nbsp;|____eclipse-jee-mars-R-win32-x86_64.zip</p>\n','<p>关注java1234公众号 回复&nbsp; <strong>svn </strong>获取 视频教程和源码</p>\n\n<p><img alt=\"\" src=\"http://www.java1234.vip/articleImages/20200708033832.jpg\" /></p>\n','https://www.bilibili.com/video/BV1Ae411x7cT','\0',NULL,'',3,'',1,'\0',NULL,4,1),(68,'mycat视频教程','20200710082500.jpg','free',66748,'<p><img alt=\"\" src=\"/articleImages/20200708055256.jpg\" /></p>\n\n<p><strong>MyCAT&nbsp;</strong>是一个彻底开源的，面向企业应用开发的&ldquo;大数据库集群&rdquo; 支持事务、ACID、可以替代Mysql的加强版数据库 ? 一个可以视为&ldquo;Mysql&rdquo;集群的企业级数据库，用来替代昂贵的Oracle集群 ? 一个融合内存缓存技术、Nosql技术、HDFS大数据的新型SQL Server ? 结合传统数据库和新型分布式数据仓库的新一代企业级数据库产品 ? 一个新颖的数据库中间件产品。</p>\n','<p>Mycat实现mysql高可用集群视频教程<br />\n|____课件-Mycat实现mysql高可用集群.html<br />\n|____持续更新中,敬请期待.txt<br />\n|____32_mycat-web使用.mp4<br />\n|____31_mycat-web安装.mp4<br />\n|____30_zookeeper在centos上安装.mp4<br />\n|____29_mycat-web介绍.mp4<br />\n|____28_mycat全局表.mp4<br />\n|____27_全局自增ID.mp4<br />\n|____26_mycat水平分表取模分片实现.mp4<br />\n|____25_mycat水平分表原则.mp4<br />\n|____24_mycat水平分表介绍.mp4<br />\n|____23_mycat垂直分库优缺点.mp4<br />\n|____22_mycat垂直分库案例实现.mp4<br />\n|____21_mycat垂直分库最佳实践.mp4<br />\n|____20_mycat垂直分库介绍.mp4<br />\n|____19_mycat双主双从高可用测试.mp4<br />\n|____18_mycat双主双从读写分离测试.mp4<br />\n|____17_mycat双主双从读写分离配置实现.mp4<br />\n|____16_m1和m2配置互为主从复制.mp4<br />\n|____15_2对mysql主从复制搭建.mp4<br />\n|____14_mycat双主双从高可用读写分离介绍.mp4<br />\n|____13_Mycat读写分离测试.mp4<br />\n|____12_Navicat替代sqlyog连接mycat.mp4<br />\n|____11_mycat读写分离核心配置详解.mp4<br />\n|____10_mycat读写分离介绍.mp4<br />\n|____09_主从复制实现常用命令.mp4<br />\n|____08_mysql主从复制测试.mp4<br />\n|____07_mysql主从复制配置.mp4<br />\n|____06_docker自定义网络模式，实现容器固定ip地址.mp4<br />\n|____05_Docker下运行两个Mysql5.7容器.mp4<br />\n|____04_mysql主从复制原理.mp4<br />\n|____03_Mycat配置介绍及连接.mp4<br />\n|____02_Mycat安装(基于Docker).mp4<br />\n|____01_Mycat简介@www.java1234.com.mp4<br />\n|____资料<br />\n&nbsp;&nbsp;&nbsp;&nbsp;&nbsp;&nbsp;&nbsp;&nbsp;&nbsp;&nbsp;|____zookeeper-3.4.14.tar.gz<br />\n&nbsp;&nbsp;&nbsp;&nbsp;&nbsp;&nbsp;&nbsp;&nbsp;&nbsp;&nbsp;|____server-jre-8u151-linux-x64.tar.gz<br />\n&nbsp;&nbsp;&nbsp;&nbsp;&nbsp;&nbsp;&nbsp;&nbsp;&nbsp;&nbsp;|____premiumsoftnavicatpremiumx64zcj.zip<br />\n&nbsp;&nbsp;&nbsp;&nbsp;&nbsp;&nbsp;&nbsp;&nbsp;&nbsp;&nbsp;|____mycatdockerfile<br />\n&nbsp;&nbsp;&nbsp;&nbsp;&nbsp;&nbsp;&nbsp;&nbsp;&nbsp;&nbsp;|____Mycat-web-1.0-SNAPSHOT-20170102153329-linux.tar.gz<br />\n&nbsp;&nbsp;&nbsp;&nbsp;&nbsp;&nbsp;&nbsp;&nbsp;&nbsp;&nbsp;|____Mycat-server-1.6.7.4-release-20200105164103-linux.tar.gz</p>\n','<p>关注java1234公众号 回复&nbsp;&nbsp;<strong>mycat&nbsp;</strong>获取 视频教程和源码</p>\n\n<p><img alt=\"\" src=\"http://www.java1234.vip/articleImages/20200708033832.jpg\" /></p>\n','https://www.bilibili.com/video/BV127411g7Nu','',5,'',4,'',1,'\0',NULL,3,1),(69,'nginx视频教程','20200710082443.jpg','free',66696,'<p><img alt=\"\" src=\"/articleImages/20200708055554.jpg\" /></p>\n\n<p><strong>Nginx</strong>是lgor Sysoev为俄罗斯访问量第二的rambler.ru站点设计开发的。从2004年发布至今，凭借开源的力量，已经接近成熟与完善。</p>\n\n<p>Nginx功能丰富，可作为HTTP服务器，也可作为反向代理服务器，邮件服务器。支持FastCGI、SSL、Virtual Host、URL Rewrite、Gzip等功能。并且支持很多第三方的模块扩展。</p>\n\n<p>Nginx的稳定性、功能集、示例配置文件和低系统资源的消耗让他后来居上，在全球活跃的网站中有12.18%的使用比率，大约为2220万个网站。</p>\n','<p>Nginx视频教程<br />\n|____Nginx视频教程课件思维导图.html<br />\n|____30_Nginx视频教程_springboot+nginx+tomcat +redis实现session共享 配置和测试.mp4<br />\n|____29_Nginx视频教程_编写dockerfile实现项目自动运行.mp4<br />\n|____28_Nginx视频教程_springboot2实现redis session存储.mp4<br />\n|____27_Nginx视频教程_docker上安装redis.mp4<br />\n|____26_Nginx视频教程_springboot+nginx+tomcat +redis实现session共享 原理.mp4<br />\n|____25_Nginx视频教程_keepalived+Nginx+tomcat负载均衡 高可用测试.mp4<br />\n|____24_Nginx视频教程_通过shell脚本优化keepalived+Nginx高可用集群.mp4<br />\n|____23_Nginx视频教程_keepalived+Nginx高可用集群测试.mp4<br />\n|____22_Nginx视频教程_keepalived+Nginx高可用集群配置.mp4<br />\n|____21_Nginx视频教程_Keepalived安装.mp4<br />\n|____20_Nginx视频教程_nginx yum命令安装.mp4<br />\n|____19_Nginx视频教程_Keepalived简介.mp4<br />\n|____18_Nginx视频教程_Nginx实现虚拟主机.mp4<br />\n|____17_Nginx视频教程_什么是虚拟主机？.mp4<br />\n|____16_Nginx视频教程_Nginx实现动静分离.mp4<br />\n|____15_Nginx视频教程_什么是动静分离？.mp4<br />\n|____14_Nginx视频教程_Nginx负载均衡备份和宕机.mp4<br />\n|____13_Nginx视频教程_Nginx负载均衡策略（常用）.mp4<br />\n|____12_Nginx视频教程_Nginx实现负载均衡.mp4<br />\n|____11_Nginx视频教程_什么是负载均衡？.mp4<br />\n|____10_Nginx视频教程_Nginx反向代理实例.mp4<br />\n|____09_Nginx视频教程_什么是反向代理？.mp4<br />\n|____08_Nginx视频教程_nginx配置文件http配置之server配置.mp4<br />\n|____07_Nginx视频教程_nginx配置文件http配置之基本配置.mp4<br />\n|____06_Nginx视频教程_nginx配置文件events配置.mp4<br />\n|____05_Nginx视频教程_nginx配置文件基本配置.mp4<br />\n|____04_Nginx视频教程_挂载容器目录启动nginx容器.mp4<br />\n|____03_Nginx视频教程_nginx安装目录.mp4<br />\n|____02_Nginx视频教程_Nginx基于Docker安装以及运行.mp4<br />\n|____01_Nginx视频教程_Nginx简介.mp4<br />\n|____资料<br />\n&nbsp;&nbsp;&nbsp;&nbsp;&nbsp;&nbsp;&nbsp;&nbsp;&nbsp;&nbsp;|____static<br />\n&nbsp;&nbsp;&nbsp;&nbsp;&nbsp;&nbsp;&nbsp;&nbsp;&nbsp;&nbsp;|____sessionshare3.zip<br />\n&nbsp;&nbsp;&nbsp;&nbsp;&nbsp;&nbsp;&nbsp;&nbsp;&nbsp;&nbsp;|____nginx_check.sh<br />\n&nbsp;&nbsp;&nbsp;&nbsp;&nbsp;&nbsp;&nbsp;&nbsp;&nbsp;&nbsp;|____myJreDockerFile2<br />\n&nbsp;&nbsp;&nbsp;&nbsp;&nbsp;&nbsp;&nbsp;&nbsp;&nbsp;&nbsp;|____myJreDockerFile<br />\n&nbsp;&nbsp;&nbsp;&nbsp;&nbsp;&nbsp;&nbsp;&nbsp;&nbsp;&nbsp;|____index.jsp<br />\n&nbsp;&nbsp;&nbsp;&nbsp;&nbsp;&nbsp;&nbsp;&nbsp;&nbsp;&nbsp;|____index.html</p>\n','<p>关注java1234公众号 回复&nbsp;&nbsp;<strong>nginx&nbsp;</strong>获取 视频教程和源码</p>\n\n<p><img alt=\"\" src=\"http://www.java1234.vip/articleImages/20200708033832.jpg\" /></p>\n','https://www.bilibili.com/video/BV1CJ411y7D6','\0',1,'\0',4,'',1,'\0',NULL,4,1),(70,'docker视频教程','20200710082425.jpg','free',10081,'<p><img alt=\"\" src=\"/articleImages/20200708060555.jpg\" /></p>\n\n<p>Docker 是一个开源的应用容器引擎，基于&nbsp;<a href=\"https://www.runoob.com/go/go-tutorial.html\" rel=\"noopener noreferrer\" target=\"_blank\">Go 语言</a>&nbsp;并遵从 Apache2.0 协议开源。</p>\n\n<p>Docker 可以让开发者打包他们的应用以及依赖包到一个轻量级、可移植的容器中，然后发布到任何流行的 Linux 机器上，也可以实现虚拟化。</p>\n\n<p>容器是完全使用沙箱机制，相互之间不会有任何接口（类似 iPhone 的 app）,更重要的是容器性能开销极低。</p>\n','<p>docker视频教程<br />\n|____Docker快速上手教程思维导图.html<br />\n|____31_Docker私有仓库.mp4<br />\n|____30_DockerFile之ONBUILD.mp4<br />\n|____29_DockerFile之CMD, ENTRYPOINT 的区别和联系.mp4<br />\n|____28_DockerFile通过VOLUME实现容器卷.mp4<br />\n|____27_DockerFile构建自定义Tomcat.mp4<br />\n|____26_DockerFile构建自定义centos.mp4<br />\n|____25_DockerFile常用指令.mp4<br />\n|____24_DockerFile简介.mp4<br />\n|____23_Docker迁移与备份.mp4<br />\n|____22_在docker上安装mysql5.7和配置.mp4<br />\n|____21_在docker上安装tomcat7 和配置.mp4<br />\n|____20_简单web测试项目准备.mp4<br />\n|____19_Docker容器目录挂载.mp4<br />\n|____18_推送镜像到阿里云.mp4<br />\n|____17_推送镜像到hub服务器.mp4<br />\n|____16_Docker commit提交运行时容器成为镜像.mp4<br />\n|____15_Docker容器宿主机端口映射.mp4<br />\n|____14_Docker容器操作进阶命令.mp4<br />\n|____13_Docker容器操作基本命令.mp4<br />\n|____12_Docker镜像操作命令.mp4<br />\n|____11_Docker基本命令.mp4<br />\n|____10_Docker配置阿里云镜像仓库.mp4<br />\n|____09_HelloWorld运行原理解析.mp4<br />\n|____08_Docker安装步骤.mp4<br />\n|____07_工具准备.mp4<br />\n|____06_Docker安装官方文档.mp4<br />\n|____05_Docker版本介绍.mp4<br />\n|____04_Docker容器与虚拟机区别.mp4<br />\n|____03_Docker有什么用.mp4<br />\n|____02_Docker架构原理.mp4<br />\n|____01_Docker是什么.mp4<br />\n|____资料<br />\n&nbsp;&nbsp;&nbsp;&nbsp;&nbsp;&nbsp;&nbsp;&nbsp;&nbsp;&nbsp;|____animal<br />\n&nbsp;&nbsp;&nbsp;&nbsp;&nbsp;&nbsp;&nbsp;&nbsp;&nbsp;&nbsp;|____son_df<br />\n&nbsp;&nbsp;&nbsp;&nbsp;&nbsp;&nbsp;&nbsp;&nbsp;&nbsp;&nbsp;|____server-jre-8u151-linux-x64.tar.gz<br />\n&nbsp;&nbsp;&nbsp;&nbsp;&nbsp;&nbsp;&nbsp;&nbsp;&nbsp;&nbsp;|____parent_df<br />\n&nbsp;&nbsp;&nbsp;&nbsp;&nbsp;&nbsp;&nbsp;&nbsp;&nbsp;&nbsp;|____myVolumeDockerFile<br />\n&nbsp;&nbsp;&nbsp;&nbsp;&nbsp;&nbsp;&nbsp;&nbsp;&nbsp;&nbsp;|____mytomcatdockerfile<br />\n&nbsp;&nbsp;&nbsp;&nbsp;&nbsp;&nbsp;&nbsp;&nbsp;&nbsp;&nbsp;|____mycentosDockerFile<br />\n&nbsp;&nbsp;&nbsp;&nbsp;&nbsp;&nbsp;&nbsp;&nbsp;&nbsp;&nbsp;|____dog.jpg<br />\n&nbsp;&nbsp;&nbsp;&nbsp;&nbsp;&nbsp;&nbsp;&nbsp;&nbsp;&nbsp;|____Docker快速上手教程.mmap<br />\n&nbsp;&nbsp;&nbsp;&nbsp;&nbsp;&nbsp;&nbsp;&nbsp;&nbsp;&nbsp;|____copyright.txt<br />\n&nbsp;&nbsp;&nbsp;&nbsp;&nbsp;&nbsp;&nbsp;&nbsp;&nbsp;&nbsp;|____apache-tomcat-8.5.37.tar.gz</p>\n','<p>关注java1234公众号 回复 <strong>docker&nbsp;&nbsp;</strong>获取 视频教程和源码</p>\n\n<p><img alt=\"\" src=\"http://www.java1234.vip/articleImages/20200708033832.jpg\" /></p>\n','https://www.bilibili.com/video/BV1oE411k7rS','',6,'\0',NULL,'',1,'\0',NULL,4,1),(71,'es6视频教程','20200710082409.jpg','free',243245,'<p><img alt=\"\" src=\"/articleImages/20200708060829.jpg\" /></p>\n\n<p>ECMAScript 6（简称ES6）是于2015年6月正式发布的JavaScript语言的标准，正式名为ECMAScript 2015（ES2015）。它的目标是使得JavaScript语言可以用来编写复杂的大型应用程序，成为企业级开发语言</p>\n','<p>es6视频教程<br />\n|____19_es6 Generator函数.mp4<br />\n|____18_es6 Promise对象.mp4<br />\n|____17_es6模块.mp4<br />\n|____16_es6 Class类.mp4<br />\n|____15_es6数组Arrary.mp4<br />\n|____14_es6对象.mp4<br />\n|____13_es6数值类型.mp4<br />\n|____12_es6 字符串类型.mp4<br />\n|____11_Reflect 与 Proxy.mp4<br />\n|____10_es6 Map与Set.mp4<br />\n|____09_es6 Symbol类型.mp4<br />\n|____08_es6三点运算符.mp4<br />\n|____07_es6箭头函数以及this.mp4<br />\n|____06_es6模版字符串.mp4<br />\n|____05_es6对象简写.mp4<br />\n|____04_es6解构赋值.mp4<br />\n|____03_let&amp;const关键字.mp4<br />\n|____02_es6开发工具webstorm.mp4<br />\n|____01_es6简介.mp4<br />\n|____源码及文档<br />\n&nbsp;&nbsp;&nbsp;&nbsp;&nbsp;&nbsp;&nbsp;&nbsp;&nbsp;&nbsp;|____es6</p>\n','<p>关注java1234公众号 回复 <strong>es6&nbsp;&nbsp;</strong>获取 视频教程和源码</p>\n\n<p><img alt=\"\" src=\"http://www.java1234.vip/articleImages/20200708033832.jpg\" /></p>\n','https://www.bilibili.com/video/BV1R4411g7bK','\0',NULL,'\0',NULL,'',1,'\0',NULL,1,1),(72,'vue视频教程','20200710082354.jpg','free',12386,'<p><img alt=\"\" src=\"/articleImages/20200708063228.jpg\" /></p>\n\n<p>Vue.js（读音 /vjuː/, 类似于 view） 是一套构建用户界面的渐进式框架。</p>\n\n<p>Vue 只关注视图层， 采用自底向上增量开发的设计。</p>\n\n<p>Vue 的目标是通过尽可能简单的 API 实现响应的数据绑定和组合的视图组件。</p>\n\n<p>Vue 学习起来非常简单，本教程基于 Vue 2.1.8 版本测试。</p>\n','<p>vue.js视频教程<br />\n|____《一头扎进Vue.js视频教程》视频笔录 .docx<br />\n|____28_Vuex状态集中式管理.mp4<br />\n|____27_vue Router编程式路由导航.mp4<br />\n|____26_vue Router路由组件传参.mp4<br />\n|____25_vue Router路由缓存.mp4<br />\n|____24_vue Router嵌套路由.mp4<br />\n|____23_vue Router路由基本使用.mp4<br />\n|____22_过渡&amp;动画.mp4<br />\n|____21_Ajax框架vue-resource&amp;axios.mp4<br />\n|____20_slot插槽.mp4<br />\n|____19_消息订阅与发布组件Pubsub.mp4<br />\n|____18_自定义事件实现父子组件交互.mp4<br />\n|____17_父子组件方法传递及回调.mp4<br />\n|____16_通过 Prop 实现父子组件数据传递.mp4<br />\n|____15_基于vue-cli搭建HelloWorld项目.mp4<br />\n|____14_vue-cli脚手架安装.mp4<br />\n|____13_vue生命周期.mp4<br />\n|____12_vue表单处理.mp4<br />\n|____11_vue事件处理器.mp4<br />\n|____10_vue样式属性Class与Style绑定.mp4<br />\n|____09_vue监视属性.mp4<br />\n|____08_vue计算属性.mp4<br />\n|____07_vue循环语句v-for.mp4<br />\n|____06_vue条件语句.mp4<br />\n|____05_vue模版语法.mp4<br />\n|____04_vue调试工具 vue devtools谷歌插件 安装.mp4<br />\n|____03_vue HelloWorld实现.mp4<br />\n|____02_vue开发工具webstorm.mp4<br />\n|____01_vue.js简介.mp4<br />\n|____源码资料<br />\n&nbsp;&nbsp;&nbsp;&nbsp;&nbsp;&nbsp;&nbsp;&nbsp;&nbsp;&nbsp;|____vueproject<br />\n&nbsp;&nbsp;&nbsp;&nbsp;&nbsp;&nbsp;&nbsp;&nbsp;&nbsp;&nbsp;|____[www.java1234.com]28_Vuex状态集中式管理源码.zip<br />\n&nbsp;&nbsp;&nbsp;&nbsp;&nbsp;&nbsp;&nbsp;&nbsp;&nbsp;&nbsp;|____[www.java1234.com]27_vue Router编程式路由导航源码.zip<br />\n&nbsp;&nbsp;&nbsp;&nbsp;&nbsp;&nbsp;&nbsp;&nbsp;&nbsp;&nbsp;|____[www.java1234.com]26_vue Router路由组件传参源码及文档.zip<br />\n&nbsp;&nbsp;&nbsp;&nbsp;&nbsp;&nbsp;&nbsp;&nbsp;&nbsp;&nbsp;|____[www.java1234.com]25_vue Router路由缓存源码.zip<br />\n&nbsp;&nbsp;&nbsp;&nbsp;&nbsp;&nbsp;&nbsp;&nbsp;&nbsp;&nbsp;|____[www.java1234.com]24_vue Router嵌套路由源码.zip<br />\n&nbsp;&nbsp;&nbsp;&nbsp;&nbsp;&nbsp;&nbsp;&nbsp;&nbsp;&nbsp;|____[www.java1234.com]23_vue Router路由基本使用源码.zip<br />\n&nbsp;&nbsp;&nbsp;&nbsp;&nbsp;&nbsp;&nbsp;&nbsp;&nbsp;&nbsp;|____[www.java1234.com]22_过渡&amp;动画源码.zip<br />\n&nbsp;&nbsp;&nbsp;&nbsp;&nbsp;&nbsp;&nbsp;&nbsp;&nbsp;&nbsp;|____[www.java1234.com]21_Ajax框架vue-resource&amp;axios源码.zip<br />\n&nbsp;&nbsp;&nbsp;&nbsp;&nbsp;&nbsp;&nbsp;&nbsp;&nbsp;&nbsp;|____[www.java1234.com]20_slot插槽源码及文档.zip<br />\n&nbsp;&nbsp;&nbsp;&nbsp;&nbsp;&nbsp;&nbsp;&nbsp;&nbsp;&nbsp;|____[www.java1234.com]19_消息订阅与发布组件Pubsub源码.zip<br />\n&nbsp;&nbsp;&nbsp;&nbsp;&nbsp;&nbsp;&nbsp;&nbsp;&nbsp;&nbsp;|____[www.java1234.com]18_自定义事件实现父子组件交互源码.zip<br />\n&nbsp;&nbsp;&nbsp;&nbsp;&nbsp;&nbsp;&nbsp;&nbsp;&nbsp;&nbsp;|____[www.java1234.com]16_通过 Prop 实现父子组件数据传递源码.zip<br />\n&nbsp;&nbsp;&nbsp;&nbsp;&nbsp;&nbsp;&nbsp;&nbsp;&nbsp;&nbsp;|____[www.java1234.com]15_基于vue-cli搭建HelloWorld项目源码.zip<br />\n&nbsp;&nbsp;&nbsp;&nbsp;&nbsp;&nbsp;&nbsp;&nbsp;&nbsp;&nbsp;|____vue2.6.js<br />\n&nbsp;&nbsp;&nbsp;&nbsp;&nbsp;&nbsp;&nbsp;&nbsp;&nbsp;&nbsp;|____key.txt</p>\n','<p>关注java1234公众号 回复&nbsp;<strong>vue&nbsp;&nbsp;</strong>获取 视频教程和源码</p>\n\n<p><img alt=\"\" src=\"http://www.java1234.vip/articleImages/20200708033832.jpg\" /></p>\n','https://www.bilibili.com/video/BV1s4411G7o4','\0',NULL,'',4,'',1,'\0',NULL,1,1),(73,'IDEA视频教程','20200710082339.jpg','free',342400,'<p><img alt=\"\" src=\"/articleImages/20200708063539.jpg\" /></p>\n\n<p>IDEA 全称 IntelliJ IDEA，是java编程语言开发的集成环境。IntelliJ在业界被公认为最好的java开发工具，尤其在智能代码助手、代码自动提示、重构、JavaEE支持、各类版本工具(git、svn等)、JUnit、CVS整合、代码分析、 创新的GUI设计等方面的功能可以说是超常的。IDEA是JetBrains公司的产品，这家公司总部位于捷克共和国的首都布拉格，开发人员以严谨著称的东欧程序员为主。它的旗舰版本还支持HTML，CSS，PHP，MySQL，Python等。免费版只支持Java,Kotlin等少数语言。</p>\n','<p>IDEA视频教程<br />\n|____注册码.txt<br />\n|____新闻系统.zip<br />\n|____《一头扎进IDEA视频教程》视频笔录 .pdf<br />\n|____《一头扎进IDEA视频教程》视频笔录 .docx<br />\n|____mircoservice.zip<br />\n|____ideaIU-2018.2.5.exe<br />\n|____15_IDEA DEBUG操作.mp4<br />\n|____14_IDEA建立SpringCloud多模块父子依赖.mp4<br />\n|____13_IDEA配置Maven阿里云镜像以及建立SpringBoot项目.mp4<br />\n|____12_IDEA新建复杂动态web项目.mp4<br />\n|____11_IDEA新建普通动态web项目.mp4<br />\n|____10_IDEA新建静态web项目.mp4<br />\n|____09_IDEA module项目建立.mp4<br />\n|____08_IDEA(eclipse设置)常用快捷键.mp4<br />\n|____07_IDEA快捷方式改成eclipse的.mp4<br />\n|____06_IDEA优化设置.mp4<br />\n|____05_IDEA优化配置、提高启动和运行速度.mp4<br />\n|____04_IDEA文件目录介绍.mp4<br />\n|____03_IDEA Java HelloWorld实现.mp4<br />\n|____02_IDEA下载、安装.mp4<br />\n|____01_IDEA开发工具简介.mp4</p>\n','<p>关注java1234公众号 回复&nbsp;<strong>idea&nbsp;&nbsp;</strong>获取 视频教程和源码</p>\n\n<p><img alt=\"\" src=\"http://www.java1234.vip/articleImages/20200708033832.jpg\" /></p>\n','https://www.bilibili.com/video/BV1J441157c4','',4,'\0',NULL,'',1,'\0',NULL,5,1),(74,'微信扫码登录实现基于Java视频教程','20200710082325.jpg','free',34594,'<p><img alt=\"\" src=\"/articleImages/20200708064023.jpg\" /></p>\n\n<p>现在很多网站都要不管是为了引流也好，为了用户方便也好一般都有第三方账号登陆的需求，今天以微信扫码为例，来实现一个最简单的第三方登陆。</p>\n\n<p>目前主流的第三方登录都是依赖的<code>Oauth2.0</code>实现的，最常见的就是在各种中小型网站或者<code>App</code>中的QQ登录，微信登录等等。所以我建议想要学习和实现第三方登录同学去了解下这个协议。</p>\n\n<p>&nbsp;</p>\n','<p>第一讲：微信扫码登录简介</p>\n\n<p>第二讲：微信扫码登录接口申请</p>\n\n<p>第三讲：微信扫码接口介绍</p>\n\n<p>第四讲：基于SpringBoot构建微信扫码实例</p>\n\n<p>第五讲：微信登录二维码显示</p>\n\n<p>第六讲：微信扫码回调方法实现</p>\n','<p>关注java1234公众号 回复&nbsp;<strong>微信扫码登录&nbsp;</strong>获取 视频教程和源码</p>\n\n<p><img alt=\"\" src=\"http://www.java1234.vip/articleImages/20200708033832.jpg\" /></p>\n','https://www.bilibili.com/video/BV1xx411o7qK','\0',NULL,'\0',NULL,'',1,'\0',NULL,2,1),(75,'QQ第三方登录实现基于Java视频教程','20200710082250.jpg','free',32441,'<p><img alt=\"\" src=\"/articleImages/20200708064348.jpg\" /></p>\n\n<p>现在很多网站都要不管是为了引流也好，为了用户方便也好一般都有第三方账号登陆的需求，今天以QQ登陆为例，来实现一个最简单的第三方登陆。</p>\n\n<p>目前主流的第三方登录都是依赖的<code>Oauth2.0</code>实现的，最常见的就是在各种中小型网站或者<code>App</code>中的QQ登录，微信登录等等。所以我建议想要学习和实现第三方登录同学去了解下这个协议。</p>\n','<p>第1讲：OAuth 2.0简介</p>\n\n<p>第2讲：QQ互联申请第三方登录接口</p>\n\n<p>第3讲：get_user_info接口窥探</p>\n\n<p>第4讲：官方demo剖析</p>\n\n<p>第5讲：Sdk4J.jar打包安装到本地maven仓库</p>\n\n<p>第6讲：构造SpringBoot QQ第三方登录案例</p>\n','<p>关注java1234公众号 回复&nbsp;<strong>qq&nbsp;</strong>获取 视频教程和源码</p>\n\n<p><img alt=\"\" src=\"http://www.java1234.vip/articleImages/20200708033832.jpg\" /></p>\n','https://www.bilibili.com/video/BV1R4411a7dK','\0',NULL,'\0',NULL,'',1,'\0',NULL,2,1),(76,'SSM博客系统视频教程','20200710085353.jpg','vip',89000,'<p><span style=\"font-size:16px\">在线视频演示：<a href=\"https://www.bilibili.com/video/av52435750?zw\" target=\"_blank\"><span style=\"color:#2ecc71\">https://www.bilibili.com/video/av52435750?zw</span></a></span></p>\n\n<p><span style=\"font-size:16px\">在线演示站点：<a href=\"http://blog.java1234.com/index.html\" target=\"_blank\"><span style=\"color:#16a085\">http://blog.java1234.com/index.html</span></a></span></p>\n\n<p>&nbsp;</p>\n\n<p><span style=\"font-size:16px\"><strong>购买至尊vip，所有vip项目都免费享有学习，<a href=\"http://www.java1234.vip/toPayVip\" target=\"_blank\"><span style=\"color:#ff0000\">vip购买链接</span></a></strong></span></p>\n\n<p>本课程单独购买价格是&nbsp;<strong>200</strong>，需要的可以联系锋哥；</p>\n\n<p>微信：QQ527085608</p>\n\n<p><img alt=\"\" src=\"http://www.java1234.vip/articleImages/20200713024736.jpg\" style=\"height:150px; width:150px\" /></p>\n\n<p>&nbsp;</p>\n\n<p><span style=\"font-size:16px\">使用Spring4+Springmvc+Mybatis3架构，采用Mysql数据库；</span></p>\n\n<p><span style=\"font-size:16px\">使用Maven3管理项目，使用Shiro作为项目安全框架，使用Lucene作为全文检索，支持restful风格；</span></p>\n\n<p><span style=\"font-size:16px\">前台网页使用主流的Bootstrap3 UI框架；</span></p>\n\n<p><span style=\"font-size:16px\">后台管理使用主流易用的EasyUI轻量级框架；</span></p>\n\n<p><span style=\"font-size:16px\">数据库连接池使用的是阿里巴巴的Druid；</span></p>\n\n<p><span style=\"font-size:16px\">在线编辑器使用了百度的UEditor，支持单图，多图上传，支持截图上传，支持代码高亮特性；</span></p>\n\n<p><span style=\"font-size:16px\">本项目可以应届生就业项目，值得学习；</span></p>\n\n<p>&nbsp;</p>\n\n<p>&nbsp;</p>\n\n<p><img alt=\"\" src=\"/articleImages/20200708065157.jpg\" /></p>\n\n<p>&nbsp;</p>\n\n<p><img alt=\"\" src=\"/articleImages/20200708065211.jpg\" /></p>\n\n<p>&nbsp;</p>\n\n<p><img alt=\"\" src=\"/articleImages/20200708065223.jpg\" /></p>\n\n<p>&nbsp;</p>\n\n<p><img alt=\"\" src=\"/articleImages/20200708065238.jpg\" /></p>\n\n<p>&nbsp;</p>\n\n<p><img alt=\"\" src=\"/articleImages/20200708065252.jpg\" /></p>\n\n<p>&nbsp;</p>\n\n<p><img alt=\"\" src=\"/articleImages/20200708065306.jpg\" /></p>\n\n<p>&nbsp;</p>\n\n<p><img alt=\"\" src=\"/articleImages/20200708065319.jpg\" /></p>\n\n<p>&nbsp;</p>\n\n<p><img alt=\"\" src=\"/articleImages/20200708065330.jpg\" /></p>\n','<p>【SSM博客系统】视频教程第00讲[13分钟]&nbsp;&nbsp; &nbsp;-&nbsp;&nbsp; &nbsp;系统演示<br />\n【SSM博客系统】视频教程第01讲[26分钟]&nbsp;&nbsp; &nbsp;-&nbsp;&nbsp; &nbsp;项目架构搭建<br />\n【SSM博客系统】视频教程第02讲[27分钟]&nbsp;&nbsp; &nbsp;-&nbsp;&nbsp; &nbsp;博主登录功能实现<br />\n【SSM博客系统】视频教程第03讲[25分钟]&nbsp;&nbsp; &nbsp;-&nbsp;&nbsp; &nbsp;博客主页静态页面实现<br />\n【SSM博客系统】视频教程第04讲[27分钟]&nbsp;&nbsp; &nbsp;-&nbsp;&nbsp; &nbsp;初始化博客数据A<br />\n【SSM博客系统】视频教程第05讲[36分钟]&nbsp;&nbsp; &nbsp;-&nbsp;&nbsp; &nbsp;初始化博客数据B<br />\n【SSM博客系统】视频教程第06讲[34分钟]&nbsp;&nbsp; &nbsp;-&nbsp;&nbsp; &nbsp;分页显示最新博客A<br />\n【SSM博客系统】视频教程第07讲[23分钟]&nbsp;&nbsp; &nbsp;-&nbsp;&nbsp; &nbsp;分页显示最新博客B<br />\n【SSM博客系统】视频教程第08讲[24分钟]&nbsp;&nbsp; &nbsp;-&nbsp;&nbsp; &nbsp;首页功能完善<br />\n【SSM博客系统】视频教程第09讲[21分钟]&nbsp;&nbsp; &nbsp;-&nbsp;&nbsp; &nbsp;博客内容显示实现A<br />\n【SSM博客系统】视频教程第10讲[26分钟]&nbsp;&nbsp; &nbsp;-&nbsp;&nbsp; &nbsp;博客内容显示实现B<br />\n【SSM博客系统】视频教程第11讲[27分钟]&nbsp;&nbsp; &nbsp;-&nbsp;&nbsp; &nbsp;博客评论功能实现A<br />\n【SSM博客系统】视频教程第12讲[28分钟]&nbsp;&nbsp; &nbsp;-&nbsp;&nbsp; &nbsp;博客评论功能实现B<br />\n【SSM博客系统】视频教程第13讲[14分钟]&nbsp;&nbsp; &nbsp;-&nbsp;&nbsp; &nbsp;后台管理主页面实现<br />\n【SSM博客系统】视频教程第14讲[21分钟]&nbsp;&nbsp; &nbsp;-&nbsp;&nbsp; &nbsp;写博客功能实现A<br />\n【SSM博客系统】视频教程第15讲[31分钟]&nbsp;&nbsp; &nbsp;-&nbsp;&nbsp; &nbsp;写博客功能实现B<br />\n【SSM博客系统】视频教程第16讲[21分钟]&nbsp;&nbsp; &nbsp;-&nbsp;&nbsp; &nbsp;写博客功能实现C<br />\n【SSM博客系统】视频教程第17讲[48分钟]&nbsp;&nbsp; &nbsp;-&nbsp;&nbsp; &nbsp;博客全文检索实现A<br />\n【SSM博客系统】视频教程第18讲[24分钟]&nbsp;&nbsp; &nbsp;-&nbsp;&nbsp; &nbsp;博客全文检索实现B<br />\n【SSM博客系统】视频教程第19讲[33分钟]&nbsp;&nbsp; &nbsp;-&nbsp;&nbsp; &nbsp;博客信息管理A<br />\n【SSM博客系统】视频教程第20讲[18分钟]&nbsp;&nbsp; &nbsp;-&nbsp;&nbsp; &nbsp;博客信息管理B<br />\n【SSM博客系统】视频教程第21讲[29分钟]&nbsp;&nbsp; &nbsp;-&nbsp;&nbsp; &nbsp;博客信息管理C<br />\n【SSM博客系统】视频教程第22讲[12分钟]&nbsp;&nbsp; &nbsp;-&nbsp;&nbsp; &nbsp;博客类别信息管理A<br />\n【SSM博客系统】视频教程第23讲[33分钟]&nbsp;&nbsp; &nbsp;-&nbsp;&nbsp; &nbsp;博客类别信息管理B<br />\n【SSM博客系统】视频教程第24讲[17分钟]&nbsp;&nbsp; &nbsp;-&nbsp;&nbsp; &nbsp;博客评论审核A<br />\n【SSM博客系统】视频教程第25讲[15分钟]&nbsp;&nbsp; &nbsp;-&nbsp;&nbsp; &nbsp;博客评论审核B<br />\n【SSM博客系统】视频教程第26讲[11分钟]&nbsp;&nbsp; &nbsp;-&nbsp;&nbsp; &nbsp;博客评论信息管理<br />\n【SSM博客系统】视频教程第27讲[16分钟]&nbsp;&nbsp; &nbsp;-&nbsp;&nbsp; &nbsp;个人信息管理A<br />\n【SSM博客系统】视频教程第28讲[24分钟]&nbsp;&nbsp; &nbsp;-&nbsp;&nbsp; &nbsp;个人信息管理B<br />\n【SSM博客系统】视频教程第29讲[16分钟]&nbsp;&nbsp; &nbsp;-&nbsp;&nbsp; &nbsp;友情链接管理<br />\n【SSM博客系统】视频教程第30讲[16分钟]&nbsp;&nbsp; &nbsp;-&nbsp;&nbsp; &nbsp;修改密码功能实现<br />\n【SSM博客系统】视频教程第31讲[17分钟]&nbsp;&nbsp; &nbsp;-&nbsp;&nbsp; &nbsp;刷新系统缓存&amp;安全退出<br />\n&nbsp;</p>\n',NULL,NULL,'',2,'',2,'\0',NULL,'',2,2,1),(77,'资源分享平台系统视频教程','20200710085339.jpg','vip',434375,'<p>在线演示：<a href=\"https://www.bilibili.com/video/av52438613?zw\" target=\"_blank\">https://www.bilibili.com/video/av52438613?zw</a></p>\n\n<p>演示站点：<a href=\"http://download.java1234.com/\" target=\"_blank\">http://download.java1234.com/</a></p>\n\n<p>&nbsp;</p>\n\n<p><span style=\"font-size:16px\"><strong>购买至尊vip，所有vip项目都免费享有学习，<a href=\"http://www.java1234.vip/toPayVip\" target=\"_blank\"><span style=\"color:#ff0033\">vip购买链接</span></a></strong></span></p>\n\n<p>本课程单独购买价格是 <strong>350</strong>，需要的可以联系锋哥；</p>\n\n<p>微信：QQ527085608</p>\n\n<p><img alt=\"\" src=\"http://www.java1234.vip/articleImages/20200713024736.jpg\" style=\"height:150px; width:150px\" /></p>\n\n<p>&nbsp;</p>\n\n<p>本系统使用SpringBoot架构，数据访问层采用Spring Data Jpa，业务控制层采用SpringMvc，界面采用了layui技术，redis高性能缓存框架，存放热门数据，常用数据；</p>\n\n<p>thymeleaf模版引擎；shiro安全框架；</p>\n\n<p>javamail集成，找回密码用到；</p>\n\n<p>人机验证集成vaptcha，防止暴力破解；</p>\n\n<p><img alt=\"\" src=\"/articleImages/20200708094300.jpg\" /></p>\n\n<p>&nbsp;</p>\n\n<p><img alt=\"\" src=\"/articleImages/20200708094315.jpg\" /></p>\n\n<p>&nbsp;</p>\n\n<p><img alt=\"\" src=\"/articleImages/20200708094327.jpg\" /></p>\n\n<p>&nbsp;</p>\n\n<p><img alt=\"\" src=\"/articleImages/20200708094340.jpg\" /></p>\n\n<p>&nbsp;</p>\n\n<p><img alt=\"\" src=\"/articleImages/20200708094353.jpg\" /></p>\n\n<p>&nbsp;</p>\n\n<p><img alt=\"\" src=\"/articleImages/20200708094407.jpg\" /></p>\n\n<p><img alt=\"\" src=\"/articleImages/20200708094531.jpg\" /></p>\n\n<p>&nbsp;</p>\n\n<p><img alt=\"\" src=\"/articleImages/20200708094543.jpg\" /></p>\n\n<p><img alt=\"\" src=\"/articleImages/20200708094757.jpg\" /></p>\n\n<p><img alt=\"\" src=\"/articleImages/20200708094812.jpg\" /></p>\n\n<p>&nbsp;</p>\n\n<p><img alt=\"\" src=\"/articleImages/20200708094830.jpg\" /></p>\n\n<p>&nbsp;</p>\n\n<p><img alt=\"\" src=\"/articleImages/20200708094849.jpg\" /></p>\n\n<p>&nbsp;</p>\n\n<p>&nbsp;</p>\n','<p><br />\n00_007项目_资源分享平台_系统演示 [21分钟]<br />\n01_007项目_资源分享平台_项目架构搭建 [17分钟]<br />\n02_007项目_资源分享平台_系统首页静态页面搭建 [25分钟]<br />\n03_007项目_资源分享平台_资源类别数据动态加载 [21分钟]<br />\n04_007项目_资源分享平台_最新资源数据动态分页加载 [39分钟]<br />\n05_007项目_资源分享平台_根据类别分页查询最新资源数据 [20分钟]<br />\n06_007项目_资源分享平台_类别选择颜色设置成红色 [09分钟]<br />\n07_007项目_资源分享平台_封装公共页面 [06分钟]<br />\n08_007项目_资源分享平台_动态显示友情链接信息 [12分钟]<br />\n09_007项目_资源分享平台_热门数据显示 [09分钟]<br />\n10_007项目_资源分享平台_帖子详细页面实现 [16分钟]<br />\n11_007项目_资源分享平台_帖子详细页面大图片等比例缩放 [07分钟]<br />\n12_007项目_资源分享平台_用户注册-页面实现 [20分钟]<br />\n13_007项目_资源分享平台_用户注册-后台实现 [20分钟]<br />\n14_007项目_资源分享平台_用户注册-人机验证vaptcha引入 [14分钟]<br />\n15_007项目_资源分享平台_用户登录实现 [33分钟]<br />\n16_007项目_资源分享平台_javamail实现邮箱找回密码 [26分钟]<br />\n17_007项目_资源分享平台_修改密码功能实现 [10分钟]<br />\n18_007项目_资源分享平台_修改头像功能实现 [29分钟]<br />\n19_007项目_资源分享平台_用户个人中心主页面搭建 [29分钟]<br />\n20_007项目_资源分享平台_用户发布资源基本实现 [22分钟]<br />\n21_007项目_资源分享平台_在线编辑器图片上传实现 [09分钟]<br />\n22_007项目_资源分享平台_根据条件分页查询用户资源 [26分钟]<br />\n23_007项目_资源分享平台_用户修改帖子信息 [24分钟]<br />\n24_007项目_资源分享平台_用户删除帖子信息 [10分钟]<br />\n25_007项目_资源分享平台_管理员登录实现 [19分钟]<br />\n26_007项目_资源分享平台_资源类别管理实现 [23分钟]<br />\n27_007项目_资源分享平台_友情链接管理实现 [12分钟]<br />\n28_007项目_资源分享平台_根据条件分页查询用户信息 [16分钟]<br />\n29_007项目_资源分享平台_用户管理其他功能实现 [15分钟]<br />\n30_007项目_资源分享平台_根据条件分页查询资源信息 [14分钟]<br />\n31_007项目_资源分享平台_资源帖子审核实现 [26分钟]<br />\n32_007项目_资源分享平台_资源共享平台_：修改，删除，热门设置实现 [32分钟]<br />\n33_007项目_资源分享平台_用户资源下载实现 [55分钟]<br />\n34_007项目_资源分享平台_用户帖子评论功能实现 [23分钟]<br />\n35_007项目_资源分享平台_分页显示用户评论信息列表 [26分钟]<br />\n36_007项目_资源分享平台_用户评论管理功能实现 [17分钟]<br />\n37_007项目_资源分享平台_管理员评论管理功能实现 [14分钟]<br />\n38_007项目_资源分享平台_生成Lucene索引 [27分钟]<br />\n39_007项目_资源分享平台_分词搜索实现 [42分钟]<br />\n40_007项目_资源分享平台_资源共享平台_删除，更新索引实现 [23分钟]<br />\n41_007项目_资源分享平台_获取相关资源实现 [10分钟]<br />\n42_007项目_资源分享平台_redis缓存添加 [19分钟]<br />\n43_007项目_资源分享平台_修改密码、安全退出 [17分钟]<br />\n44_007项目_资源分享平台_用户系统消息实现 [27分钟]<br />\n45_007项目_资源分享平台_用户系统消息实现 [34分钟]<br />\n46_007项目_资源分享平台_已下载资源显示 [22分钟]<br />\n47_007项目_资源分享平台_用户签到功能实现 [28分钟]</p>\n',NULL,NULL,'',8,'\0',NULL,'\0',NULL,'',2,2,1),(78,'百度云搜索引擎视频教程','20200710085325.jpg','vip',3454348,'<p>&nbsp;</p>\n\n<p><span style=\"font-size:16px\"><a href=\"https://www.bilibili.com/video/BV1C4411E7cM/\" target=\"_blank\"><span style=\"color:#e67e22\"><strong>系统b站在线演示</strong></span></a></span></p>\n\n<p>&nbsp;</p>\n\n<p><span style=\"font-size:16px\"><strong>购买至尊vip，所有vip项目都免费享有学习，<a href=\"http://www.java1234.vip/toPayVip\" target=\"_blank\"><span style=\"color:#ff0000\">vip购买链接</span></a></strong></span></p>\n\n<p>本课程单独购买价格是 <strong>350</strong>，需要的可以联系锋哥；</p>\n\n<p>微信：QQ527085608</p>\n\n<p><img alt=\"\" src=\"http://www.java1234.vip/articleImages/20200713024736.jpg\" style=\"height:150px; width:150px\" /></p>\n\n<p>本项目才用IDEA开发，最新的SpringBoot2.1框架 整合ElasticSearch+ik分词，来实现分词检索；包括连接池druid，以及安全框架SpringSecurity ；前端用户界面才用Bootstrap3，后端管理用的是layui；以及通过selenium获取百度云资源的内容结构；</p>\n\n<p>&nbsp;</p>\n\n<p>&nbsp;</p>\n\n<p>&nbsp;</p>\n\n<p><img alt=\"\" src=\"/articleImages/20200712071033.png\" /></p>\n\n<p>&nbsp;</p>\n\n<p><img alt=\"\" src=\"/articleImages/20200712071044.png\" /></p>\n\n<p>&nbsp;</p>\n\n<p><img alt=\"\" src=\"/articleImages/20200712071056.png\" /></p>\n\n<p>&nbsp;</p>\n\n<p><img alt=\"\" src=\"/articleImages/20200712071107.png\" /></p>\n\n<p>&nbsp;</p>\n\n<p><img alt=\"\" src=\"/articleImages/20200712071120.png\" /></p>\n\n<p>&nbsp;</p>\n\n<p><img alt=\"\" src=\"/articleImages/20200712071130.png\" /></p>\n\n<p>&nbsp;</p>\n\n<p>&nbsp;</p>\n','<p><br />\n00_006项目_百度云搜索引擎_系统演示 [21分钟]<br />\n01_006项目_百度云搜索引擎_项目架构与初步设计 [20分钟]<br />\n02_006项目_百度云搜索引擎_用户界面首页设计 [17分钟]<br />\n03_006项目_百度云搜索引擎_热门搜索词动态显示 [23分钟]<br />\n04_006项目_百度云搜索引擎_分页显示最新收录资源 [29分钟]<br />\n05_006项目_百度云搜索引擎_帖子详细信息显示 [16分钟]<br />\n06_006项目_百度云搜索引擎_FinalShell介绍替代Xshell以及vsftp [6分钟]<br />\n07_006项目_百度云搜索引擎_centos上安装jre [4分钟]<br />\n08_006项目_百度云搜索引擎_centos上安装ElasticSearch以及优化配置 [29分钟]<br />\n09_006项目_百度云搜索引擎_安装ElasticSearch分词插件IK [9分钟]<br />\n10_006项目_百度云搜索引擎_安装ElasticSeach图形插件Head [6分钟]<br />\n11_006项目_百度云搜索引擎_新建索引,Setting配置以及mapping映射 [5分钟]<br />\n12_006项目_百度云搜索引擎_Spring Security引入以及配置 [9分钟]<br />\n13_006项目_百度云搜索引擎_后台管理员登录实现 [5分钟]<br />\n14_006项目_百度云搜索引擎_后台管理主页面搭建 [7分钟]<br />\n15_006项目_百度云搜索引擎_后台资源管理-根据条件分页查询资源 [31分钟]<br />\n16_006项目_百度云搜索引擎_后台资源管理-添加资源 [16分钟]<br />\n17_006项目_百度云搜索引擎_后台资源管理-删除资源 [17分钟]<br />\n18_006项目_百度云搜索引擎_TODO标签使用 [3分钟]<br />\n19_006项目_百度云搜索引擎_后台热门搜索管理-CRUD实现 [33分钟]<br />\n20_006项目_百度云搜索引擎_生成信息-selenium初识 [20分钟]<br />\n21_006项目_百度云搜索引擎_生成信息-selenium爬取资源基本信息 [19分钟]<br />\n22_006项目_百度云搜索引擎_生成信息-selenium获取资源结构伪代码 [37分钟]<br />\n23_006项目_百度云搜索引擎_生成信息-selenium获取资源结构具体实现 [47分钟]<br />\n24_006项目_百度云搜索引擎_生成信息-更新到数据库 [34分钟]<br />\n25_006项目_百度云搜索引擎_查询数据&amp;生成ElasticSearch索引 [18分钟]<br />\n26_006项目_百度云搜索引擎_SpringBoot集成Es实现分词检索 [55分钟]<br />\n27_006项目_百度云搜索引擎_帖子相关资源检索实现 [12分钟]<br />\n28_006项目_百度云搜索引擎_删除帖子级联删除掉对应的es索引 [7分钟]<br />\n&nbsp;</p>\n',NULL,NULL,'\0',NULL,'\0',NULL,'\0',NULL,'\0',1,2,1),(79,'SpringBoot打造企业级进销存系统视频教程','20200710085316.jpg','vip',345527,'<p>&nbsp;</p>\n\n<p><span style=\"font-size:16px\"><a href=\"https://www.bilibili.com/video/BV1k4411E71U/\" target=\"_blank\"><span style=\"color:#e67e22\"><strong>系统b站在线演示</strong></span></a></span></p>\n\n<p>&nbsp;</p>\n\n<p><span style=\"font-size:16px\"><strong>购买至尊vip，所有vip项目都免费享有学习，<a href=\"http://www.java1234.vip/toPayVip\" target=\"_blank\"><span style=\"color:#ff0000\">vip购买链接</span></a></strong></span></p>\n\n<p>本课程单独购买价格是&nbsp;<strong>350</strong>，需要的可以联系锋哥；</p>\n\n<p>微信：QQ527085608</p>\n\n<p><img alt=\"\" src=\"http://www.java1234.vip/articleImages/20200713024736.jpg\" style=\"height:150px; width:150px\" /></p>\n\n<p>&nbsp;</p>\n\n<p>本系统采用企业级开发标准，使用SpringBoot架构，数据访问层采用Spring Data Jpa，业务控制层采用SpringMvc，安全框架采用Shiro，实现了完整权限系统，Controller方法采用shiro注解，来实现有效的权限控制；界面采用了Easyui技术；本视频教程详细讲解了次系统的完整开发，亮点是SpringBoot的综合应用，以及权限系统的设计，以及基于Shiro的安全控制，以及Easyui的高级应用；</p>\n\n<p>&nbsp;</p>\n\n<p>&nbsp;</p>\n\n<p><img alt=\"\" src=\"/articleImages/20200712070308.png\" /></p>\n\n<p>&nbsp;</p>\n\n<p><img alt=\"\" src=\"/articleImages/20200712070325.png\" /></p>\n\n<p>&nbsp;</p>\n\n<p><img alt=\"\" src=\"/articleImages/20200712070338.png\" /></p>\n\n<p>&nbsp;</p>\n\n<p><img alt=\"\" src=\"/articleImages/20200712070349.png\" /></p>\n\n<p>&nbsp;</p>\n\n<p><img alt=\"\" src=\"/articleImages/20200712070401.png\" /></p>\n\n<p>&nbsp;</p>\n\n<p><img alt=\"\" src=\"/articleImages/20200712070412.png\" /></p>\n\n<p>&nbsp;</p>\n\n<p><img alt=\"\" src=\"/articleImages/20200712070433.png\" /></p>\n\n<p>&nbsp;</p>\n\n<p>&nbsp;</p>\n','<p><br />\nSpringBoot打造企业级进销存视频教程第00讲[19分钟]&nbsp;&nbsp; &nbsp;-&nbsp;&nbsp; &nbsp;系统演示<br />\nSpringBoot打造企业级进销存视频教程第01讲[20分钟]&nbsp;&nbsp; &nbsp;-&nbsp;&nbsp; &nbsp;项目架构搭建<br />\nSpringBoot打造企业级进销存视频教程第02讲[27分钟]&nbsp;&nbsp; &nbsp;-&nbsp;&nbsp; &nbsp;登录功能实现<br />\nSpringBoot打造企业级进销存视频教程第03讲[28分钟]&nbsp;&nbsp; &nbsp;-&nbsp;&nbsp; &nbsp;登录角色选择<br />\nSpringBoot打造企业级进销存视频教程第04讲[21分钟]&nbsp;&nbsp; &nbsp;-&nbsp;&nbsp; &nbsp;后台主界面搭建A<br />\nSpringBoot打造企业级进销存视频教程第05讲[27分钟]&nbsp;&nbsp; &nbsp;-&nbsp;&nbsp; &nbsp;后台主界面搭建B<br />\nSpringBoot打造企业级进销存视频教程第06讲[21分钟]&nbsp;&nbsp; &nbsp;-&nbsp;&nbsp; &nbsp;后台主界面搭建C<br />\nSpringBoot打造企业级进销存视频教程第07讲[31分钟]&nbsp;&nbsp; &nbsp;-&nbsp;&nbsp; &nbsp;用户管理A<br />\nSpringBoot打造企业级进销存视频教程第08讲[34分钟]&nbsp;&nbsp; &nbsp;-&nbsp;&nbsp; &nbsp;用户管理B<br />\nSpringBoot打造企业级进销存视频教程第09讲[30分钟]&nbsp;&nbsp; &nbsp;-&nbsp;&nbsp; &nbsp;用户管理C<br />\nSpringBoot打造企业级进销存视频教程第10讲[17分钟]&nbsp;&nbsp; &nbsp;-&nbsp;&nbsp; &nbsp;Controller方法shiro权限认证<br />\nSpringBoot打造企业级进销存视频教程第11讲[25分钟]&nbsp;&nbsp; &nbsp;-&nbsp;&nbsp; &nbsp;角色管理A<br />\nSpringBoot打造企业级进销存视频教程第12讲[45分钟]&nbsp;&nbsp; &nbsp;-&nbsp;&nbsp; &nbsp;角色管理B<br />\nSpringBoot打造企业级进销存视频教程第13讲[23分钟]&nbsp;&nbsp; &nbsp;-&nbsp;&nbsp; &nbsp;日志管理A<br />\nSpringBoot打造企业级进销存视频教程第14讲[32分钟]&nbsp;&nbsp; &nbsp;-&nbsp;&nbsp; &nbsp;日志管理B<br />\nSpringBoot打造企业级进销存视频教程第15讲[19分钟]&nbsp;&nbsp; &nbsp;-&nbsp;&nbsp; &nbsp;修改密码&amp;安全退出<br />\nSpringBoot打造企业级进销存视频教程第16讲[25分钟]&nbsp;&nbsp; &nbsp;-&nbsp;&nbsp; &nbsp;供应商管理<br />\nSpringBoot打造企业级进销存视频教程第17讲[07分钟]&nbsp;&nbsp; &nbsp;-&nbsp;&nbsp; &nbsp;客户管理<br />\nSpringBoot打造企业级进销存视频教程第18讲[36分钟]&nbsp;&nbsp; &nbsp;-&nbsp;&nbsp; &nbsp;商品管理A<br />\nSpringBoot打造企业级进销存视频教程第19讲[31分钟]&nbsp;&nbsp; &nbsp;-&nbsp;&nbsp; &nbsp;商品管理B<br />\nSpringBoot打造企业级进销存视频教程第20讲[19分钟]&nbsp;&nbsp; &nbsp;-&nbsp;&nbsp; &nbsp;商品管理C<br />\nSpringBoot打造企业级进销存视频教程第21讲[35分钟]&nbsp;&nbsp; &nbsp;-&nbsp;&nbsp; &nbsp;商品管理D<br />\nSpringBoot打造企业级进销存视频教程第22讲[40分钟]&nbsp;&nbsp; &nbsp;-&nbsp;&nbsp; &nbsp;商品管理E<br />\nSpringBoot打造企业级进销存视频教程第23讲[36分钟]&nbsp;&nbsp; &nbsp;-&nbsp;&nbsp; &nbsp;商品管理F<br />\nSpringBoot打造企业级进销存视频教程第24讲[32分钟]&nbsp;&nbsp; &nbsp;-&nbsp;&nbsp; &nbsp;期初库存A<br />\nSpringBoot打造企业级进销存视频教程第25讲[28分钟]&nbsp;&nbsp; &nbsp;-&nbsp;&nbsp; &nbsp;期初库存B<br />\nSpringBoot打造企业级进销存视频教程第26讲[43分钟]&nbsp;&nbsp; &nbsp;-&nbsp;&nbsp; &nbsp;进货入库A<br />\nSpringBoot打造企业级进销存视频教程第27讲[35分钟]&nbsp;&nbsp; &nbsp;-&nbsp;&nbsp; &nbsp;进货入库B<br />\nSpringBoot打造企业级进销存视频教程第28讲[33分钟]&nbsp;&nbsp; &nbsp;-&nbsp;&nbsp; &nbsp;进货入库C<br />\nSpringBoot打造企业级进销存视频教程第29讲[57分钟]&nbsp;&nbsp; &nbsp;-&nbsp;&nbsp; &nbsp;进货入库D<br />\nSpringBoot打造企业级进销存视频教程第30讲[45分钟]&nbsp;&nbsp; &nbsp;-&nbsp;&nbsp; &nbsp;进货入库E<br />\nSpringBoot打造企业级进销存视频教程第31讲[18分钟]&nbsp;&nbsp; &nbsp;-&nbsp;&nbsp; &nbsp;退货出库<br />\nSpringBoot打造企业级进销存视频教程第32讲[41分钟]&nbsp;&nbsp; &nbsp;-&nbsp;&nbsp; &nbsp;进货单据查询A<br />\nSpringBoot打造企业级进销存视频教程第33讲[28分钟]&nbsp;&nbsp; &nbsp;-&nbsp;&nbsp; &nbsp;进货单据查询B<br />\nSpringBoot打造企业级进销存视频教程第34讲[11分钟]&nbsp;&nbsp; &nbsp;-&nbsp;&nbsp; &nbsp;退货单据查询<br />\nSpringBoot打造企业级进销存视频教程第35讲[26分钟]&nbsp;&nbsp; &nbsp;-&nbsp;&nbsp; &nbsp;销售出库、销售单据查询<br />\nSpringBoot打造企业级进销存视频教程第36讲[36分钟]&nbsp;&nbsp; &nbsp;-&nbsp;&nbsp; &nbsp;客户退货、客户退货查询<br />\nSpringBoot打造企业级进销存视频教程第37讲[24分钟]&nbsp;&nbsp; &nbsp;-&nbsp;&nbsp; &nbsp;当前库存查询<br />\nSpringBoot打造企业级进销存视频教程第38讲[18分钟]&nbsp;&nbsp; &nbsp;-&nbsp;&nbsp; &nbsp;商品报损<br />\nSpringBoot打造企业级进销存视频教程第39讲[21分钟]&nbsp;&nbsp; &nbsp;-&nbsp;&nbsp; &nbsp;商品报溢、报损报溢查询<br />\nSpringBoot打造企业级进销存视频教程第40讲[10分钟]&nbsp;&nbsp; &nbsp;-&nbsp;&nbsp; &nbsp;库存报警<br />\nSpringBoot打造企业级进销存视频教程第41讲[23分钟]&nbsp;&nbsp; &nbsp;-&nbsp;&nbsp; &nbsp;供应商统计A<br />\nSpringBoot打造企业级进销存视频教程第42讲[11分钟]&nbsp;&nbsp; &nbsp;-&nbsp;&nbsp; &nbsp;供应商统计B<br />\nSpringBoot打造企业级进销存视频教程第43讲[12分钟]&nbsp;&nbsp; &nbsp;-&nbsp;&nbsp; &nbsp;客户统计<br />\nSpringBoot打造企业级进销存视频教程第44讲[50分钟]&nbsp;&nbsp; &nbsp;-&nbsp;&nbsp; &nbsp;商品采购统计<br />\nSpringBoot打造企业级进销存视频教程第45讲[13分钟]&nbsp;&nbsp; &nbsp;-&nbsp;&nbsp; &nbsp;商品销售统计<br />\nSpringBoot打造企业级进销存视频教程第46讲[31分钟]&nbsp;&nbsp; &nbsp;-&nbsp;&nbsp; &nbsp;商品销售按日分析统计A<br />\nSpringBoot打造企业级进销存视频教程第47讲[22分钟]&nbsp;&nbsp; &nbsp;-&nbsp;&nbsp; &nbsp;商品销售按日分析统计B<br />\nSpringBoot打造企业级进销存视频教程第48讲[24分钟]&nbsp;&nbsp; &nbsp;-&nbsp;&nbsp; &nbsp;商品销售按日分析统计C<br />\nSpringBoot打造企业级进销存视频教程第49讲[11分钟]&nbsp;&nbsp; &nbsp;-&nbsp;&nbsp; &nbsp;商品销售按日分析统计D<br />\nSpringBoot打造企业级进销存视频教程第50讲[13分钟]&nbsp;&nbsp; &nbsp;-&nbsp;&nbsp; &nbsp;商品销售按月分析统计<br />\n&nbsp;</p>\n',NULL,NULL,'',2,'',2,'\0',NULL,'',2,2,1),(80,'SpringBoot打造电影网站视频教程','20200710085304.jpg','vip',3443580,'<p>&nbsp;</p>\n\n<p>系统演示：百度云地址：<a href=\"https://eyun.baidu.com/s/3bp8hokf\" target=\"_blank\">https://eyun.baidu.com/s/3bp8hokf</a></p>\n\n<p>&nbsp;</p>\n\n<p><span style=\"font-size:16px\"><strong>购买至尊vip，所有vip项目都免费享有学习，<a href=\"http://www.java1234.vip/toPayVip\" target=\"_blank\"><span style=\"color:#ff0000\">vip购买链接</span></a></strong></span></p>\n\n<p>本课程单独购买价格是&nbsp;<strong>200</strong>，需要的可以联系锋哥；</p>\n\n<p>微信：QQ527085608</p>\n\n<p><img alt=\"\" src=\"http://www.java1234.vip/articleImages/20200713024736.jpg\" style=\"height:150px; width:150px\" /></p>\n\n<p>&nbsp;</p>\n\n<p>本系统采用SpringBoot架构，数据访问层采用Spring Data Jpa，业务控制层采用SpringMvc，安全框架采用Spring Security以及采用thymeleaf模版引擎和restful风格；本视频教程详细讲解了次系统的完整开发，亮点是SpringBoot的综合应用，以及thymeleaf模版引擎的应用；</p>\n\n<p>&nbsp;</p>\n\n<p>&nbsp;</p>\n\n<p><img alt=\"\" src=\"/articleImages/20200712065841.png\" /></p>\n\n<p>&nbsp;</p>\n\n<p><img alt=\"\" src=\"/articleImages/20200712065856.png\" /></p>\n\n<p>&nbsp;</p>\n\n<p><img alt=\"\" src=\"/articleImages/20200712065909.png\" /></p>\n\n<p>&nbsp;</p>\n\n<p><img alt=\"\" src=\"/articleImages/20200712065920.png\" /></p>\n\n<p>&nbsp;</p>\n\n<p><img alt=\"\" src=\"/articleImages/20200712065933.png\" /></p>\n\n<p>&nbsp;</p>\n\n<p><img alt=\"\" src=\"/articleImages/20200712065943.png\" /></p>\n\n<p>&nbsp;</p>\n\n<p><img alt=\"\" src=\"/articleImages/20200712065954.png\" /></p>\n\n<p>&nbsp;</p>\n\n<p>&nbsp;</p>\n','<p>【SpringBoot打造电影网站】视频教程第00讲[15分钟]&nbsp;&nbsp; &nbsp;-&nbsp;&nbsp; &nbsp;系统演示<br />\n【SpringBoot打造电影网站】视频教程第01讲[28分钟]&nbsp;&nbsp; &nbsp;-&nbsp;&nbsp; &nbsp;项目架构搭建<br />\n【SpringBoot打造电影网站】视频教程第02讲[21分钟]&nbsp;&nbsp; &nbsp;-&nbsp;&nbsp; &nbsp;后台登录功能实现<br />\n【SpringBoot打造电影网站】视频教程第03讲[19分钟]&nbsp;&nbsp; &nbsp;-&nbsp;&nbsp; &nbsp;后台管理主页面搭建<br />\n【SpringBoot打造电影网站】视频教程第04讲[24分钟]&nbsp;&nbsp; &nbsp;-&nbsp;&nbsp; &nbsp;添加电影信息A<br />\n【SpringBoot打造电影网站】视频教程第05讲[16分钟]&nbsp;&nbsp; &nbsp;-&nbsp;&nbsp; &nbsp;添加电影信息B<br />\n【SpringBoot打造电影网站】视频教程第06讲[16分钟]&nbsp;&nbsp; &nbsp;-&nbsp;&nbsp; &nbsp;友情链接管理A<br />\n【SpringBoot打造电影网站】视频教程第07讲[28分钟]&nbsp;&nbsp; &nbsp;-&nbsp;&nbsp; &nbsp;友情链接管理B<br />\n【SpringBoot打造电影网站】视频教程第08讲[24分钟]&nbsp;&nbsp; &nbsp;-&nbsp;&nbsp; &nbsp;收录电影网址管理A<br />\n【SpringBoot打造电影网站】视频教程第09讲[06分钟]&nbsp;&nbsp; &nbsp;-&nbsp;&nbsp; &nbsp;收录电影网址管理B<br />\n【SpringBoot打造电影网站】视频教程第10讲[16分钟]&nbsp;&nbsp; &nbsp;-&nbsp;&nbsp; &nbsp;电影信息管理A<br />\n【SpringBoot打造电影网站】视频教程第11讲[16分钟]&nbsp;&nbsp; &nbsp;-&nbsp;&nbsp; &nbsp;电影信息管理B<br />\n【SpringBoot打造电影网站】视频教程第12讲[30分钟]&nbsp;&nbsp; &nbsp;-&nbsp;&nbsp; &nbsp;电影动态信息管理A<br />\n【SpringBoot打造电影网站】视频教程第13讲[24分钟]&nbsp;&nbsp; &nbsp;-&nbsp;&nbsp; &nbsp;电影动态信息管理B<br />\n【SpringBoot打造电影网站】视频教程第14讲[25分钟]&nbsp;&nbsp; &nbsp;-&nbsp;&nbsp; &nbsp;系统缓存数据设置<br />\n【SpringBoot打造电影网站】视频教程第15讲[34分钟]&nbsp;&nbsp; &nbsp;-&nbsp;&nbsp; &nbsp;首页功能实现A<br />\n【SpringBoot打造电影网站】视频教程第16讲[33分钟]&nbsp;&nbsp; &nbsp;-&nbsp;&nbsp; &nbsp;首页功能实现B<br />\n【SpringBoot打造电影网站】视频教程第17讲[14分钟]&nbsp;&nbsp; &nbsp;-&nbsp;&nbsp; &nbsp;收录电影分页显示<br />\n【SpringBoot打造电影网站】视频教程第18讲[23分钟]&nbsp;&nbsp; &nbsp;-&nbsp;&nbsp; &nbsp;电影详细信息显示A<br />\n【SpringBoot打造电影网站】视频教程第19讲[17分钟]&nbsp;&nbsp; &nbsp;-&nbsp;&nbsp; &nbsp;电影详细信息显示B<br />\n【SpringBoot打造电影网站】视频教程第20讲[15分钟]&nbsp;&nbsp; &nbsp;-&nbsp;&nbsp; &nbsp;收录电影网站及动态信息显示<br />\n&nbsp;</p>\n',NULL,NULL,'',2,'\0',NULL,'\0',NULL,'',2,2,1),(81,'基于Activiti5的学生请假流程系统','20200710085253.jpg','vip',3243257,'<p>&nbsp;</p>\n\n<p><span style=\"font-size:16px\"><a href=\"https://www.bilibili.com/video/BV164411E7oL/\" target=\"_blank\"><span style=\"color:#e67e22\"><strong>系统b站在线演示</strong></span></a></span></p>\n\n<p>&nbsp;</p>\n\n<p><span style=\"font-size:16px\"><strong>购买至尊vip，所有vip项目都免费享有学习，<a href=\"http://www.java1234.vip/toPayVip\" target=\"_blank\"><span style=\"color:#ff0000\">vip购买链接</span></a></strong></span></p>\n\n<p>本课程单独购买价格是&nbsp;<strong>200</strong>，需要的可以联系锋哥；</p>\n\n<p>微信：QQ527085608</p>\n\n<p><img alt=\"\" src=\"http://www.java1234.vip/articleImages/20200713024736.jpg\" style=\"height:150px; width:150px\" /></p>\n\n<p>&nbsp;</p>\n\n<p>使用Spring4+Springmvc+Mybatis3架构，采用Mysql数据库；使用Maven3管理项目，本系统重点讲解了Activiti工作流框架的应用，以及包括了简单用户角色管理；</p>\n\n<p>&nbsp;</p>\n\n<p>&nbsp;</p>\n\n<p><img alt=\"\" src=\"/articleImages/20200712063350.png\" /></p>\n\n<p>&nbsp;</p>\n\n<p><img alt=\"\" src=\"/articleImages/20200712063403.png\" /></p>\n\n<p>&nbsp;</p>\n\n<p><img alt=\"\" src=\"/articleImages/20200712063416.png\" /></p>\n\n<p>&nbsp;</p>\n\n<p><img alt=\"\" src=\"/articleImages/20200712063427.png\" /></p>\n\n<p>&nbsp;</p>\n\n<p><img alt=\"\" src=\"/articleImages/20200712063437.png\" /></p>\n\n<p>&nbsp;</p>\n\n<p><img alt=\"\" src=\"/articleImages/20200712063448.png\" /></p>\n\n<p>&nbsp;</p>\n\n<p><img alt=\"\" src=\"/articleImages/20200712063459.png\" /></p>\n\n<p>&nbsp;</p>\n\n<p><img alt=\"\" src=\"/articleImages/20200712063533.png\" /></p>\n','<p>【基于Activiti5的学生请假流程系统】视频教程第00讲[20分钟]&nbsp;&nbsp; &nbsp;-&nbsp;&nbsp; &nbsp;系统演示<br />\n【基于Activiti5的学生请假流程系统】视频教程第01讲[27分钟]&nbsp;&nbsp; &nbsp;-&nbsp;&nbsp; &nbsp;项目架构搭建<br />\n【基于Activiti5的学生请假流程系统】视频教程第02讲[35分钟]&nbsp;&nbsp; &nbsp;-&nbsp;&nbsp; &nbsp;用户登录功能实现A<br />\n【基于Activiti5的学生请假流程系统】视频教程第03讲[27分钟]&nbsp;&nbsp; &nbsp;-&nbsp;&nbsp; &nbsp;用户登录功能实现B<br />\n【基于Activiti5的学生请假流程系统】视频教程第04讲[37分钟]&nbsp;&nbsp; &nbsp;-&nbsp;&nbsp; &nbsp;系统主界面搭建<br />\n【基于Activiti5的学生请假流程系统】视频教程第05讲[39分钟]&nbsp;&nbsp; &nbsp;-&nbsp;&nbsp; &nbsp;用户管理A<br />\n【基于Activiti5的学生请假流程系统】视频教程第06讲[36分钟]&nbsp;&nbsp; &nbsp;-&nbsp;&nbsp; &nbsp;用户管理B<br />\n【基于Activiti5的学生请假流程系统】视频教程第07讲[13分钟]&nbsp;&nbsp; &nbsp;-&nbsp;&nbsp; &nbsp;角色管理<br />\n【基于Activiti5的学生请假流程系统】视频教程第08讲[34分钟]&nbsp;&nbsp; &nbsp;-&nbsp;&nbsp; &nbsp;用户权限管理A<br />\n【基于Activiti5的学生请假流程系统】视频教程第09讲[35分钟]&nbsp;&nbsp; &nbsp;-&nbsp;&nbsp; &nbsp;用户权限管理B<br />\n【基于Activiti5的学生请假流程系统】视频教程第10讲[13分钟]&nbsp;&nbsp; &nbsp;-&nbsp;&nbsp; &nbsp;设计和绘制学生请假流程图<br />\n【基于Activiti5的学生请假流程系统】视频教程第11讲[21分钟]&nbsp;&nbsp; &nbsp;-&nbsp;&nbsp; &nbsp;流程部署管理A<br />\n【基于Activiti5的学生请假流程系统】视频教程第12讲[17分钟]&nbsp;&nbsp; &nbsp;-&nbsp;&nbsp; &nbsp;流程部署管理B<br />\n【基于Activiti5的学生请假流程系统】视频教程第13讲[26分钟]&nbsp;&nbsp; &nbsp;-&nbsp;&nbsp; &nbsp;流程定义管理<br />\n【基于Activiti5的学生请假流程系统】视频教程第14讲[27分钟]&nbsp;&nbsp; &nbsp;-&nbsp;&nbsp; &nbsp;请假申请管理A<br />\n【基于Activiti5的学生请假流程系统】视频教程第15讲[34分钟]&nbsp;&nbsp; &nbsp;-&nbsp;&nbsp; &nbsp;请假申请管理B<br />\n【基于Activiti5的学生请假流程系统】视频教程第16讲[19分钟]&nbsp;&nbsp; &nbsp;-&nbsp;&nbsp; &nbsp;待办事项管理A<br />\n【基于Activiti5的学生请假流程系统】视频教程第17讲[26分钟]&nbsp;&nbsp; &nbsp;-&nbsp;&nbsp; &nbsp;待办事项管理B<br />\n【基于Activiti5的学生请假流程系统】视频教程第18讲[51分钟]&nbsp;&nbsp; &nbsp;-&nbsp;&nbsp; &nbsp;待办事项管理C<br />\n【基于Activiti5的学生请假流程系统】视频教程第19讲[24分钟]&nbsp;&nbsp; &nbsp;-&nbsp;&nbsp; &nbsp;待办事项管理D<br />\n【基于Activiti5的学生请假流程系统】视频教程第20讲[11分钟]&nbsp;&nbsp; &nbsp;-&nbsp;&nbsp; &nbsp;历史批注查看<br />\n【基于Activiti5的学生请假流程系统】视频教程第21讲[27分钟]&nbsp;&nbsp; &nbsp;-&nbsp;&nbsp; &nbsp;已办事项管理A<br />\n【基于Activiti5的学生请假流程系统】视频教程第22讲[21分钟]&nbsp;&nbsp; &nbsp;-&nbsp;&nbsp; &nbsp;已办事项管理B<br />\n【基于Activiti5的学生请假流程系统】视频教程第23讲[14分钟]&nbsp;&nbsp; &nbsp;-&nbsp;&nbsp; &nbsp;历史任务管理<br />\n【基于Activiti5的学生请假流程系统】视频教程第24讲[20分钟]&nbsp;&nbsp; &nbsp;-&nbsp;&nbsp; &nbsp;系统管理</p>\n',NULL,NULL,'\0',NULL,'',2,'\0',NULL,'',2,2,1),(82,'SpringMvc+Mybatis客户关系管理系统','20200710085240.jpg','vip',4343254,'<p>&nbsp;</p>\n\n<p><span style=\"font-size:16px\"><a href=\"https://www.bilibili.com/video/BV1r4411E7sX/\" target=\"_blank\"><span style=\"color:#e67e22\"><strong>系统b站在线演示</strong></span></a></span></p>\n\n<p>&nbsp;</p>\n\n<p><span style=\"font-size:16px\"><strong>购买至尊vip，所有vip项目都免费享有学习，<a href=\"http://www.java1234.vip/toPayVip\" target=\"_blank\"><span style=\"color:#ff0000\">vip购买链接</span></a></strong></span></p>\n\n<p>本课程单独购买价格是&nbsp;<strong>150</strong>，需要的可以联系锋哥；</p>\n\n<p>微信：QQ527085608</p>\n\n<p><img alt=\"\" src=\"http://www.java1234.vip/articleImages/20200713024736.jpg\" style=\"height:150px; width:150px\" /></p>\n\n<p>&nbsp;</p>\n\n<p>本系统采用了流行的SSM架构，以Spring为核心，SpringMvc作为控制层，Mybatis作为数据访问层，极大的简化了开发以及减少了维护成本，本系统前端采用Easyui，数据库采用Mysql，本系统亮点是用到EasyUI的高级应用，以及用到了HighCharts报表组件，以及quartz定时任务的应用；本项目值得学习；</p>\n\n<p>&nbsp;</p>\n\n<p><img alt=\"\" src=\"/articleImages/20200712062856.png\" /></p>\n\n<p>&nbsp;</p>\n\n<p><img alt=\"\" src=\"/articleImages/20200712062909.png\" /></p>\n\n<p>&nbsp;</p>\n\n<p><img alt=\"\" src=\"/articleImages/20200712062919.png\" /></p>\n\n<p>&nbsp;</p>\n\n<p><img alt=\"\" src=\"/articleImages/20200712062930.png\" /></p>\n\n<p>&nbsp;</p>\n\n<p><img alt=\"\" src=\"/articleImages/20200712062940.png\" /></p>\n\n<p>&nbsp;</p>\n\n<p><img alt=\"\" src=\"/articleImages/20200712062951.png\" /></p>\n\n<p>&nbsp;</p>\n\n<p><img alt=\"\" src=\"/articleImages/20200712063001.png\" /></p>\n\n<p>&nbsp;</p>\n\n<p><img alt=\"\" src=\"/articleImages/20200712063011.png\" /></p>\n\n<p>&nbsp;</p>\n\n<p>&nbsp;</p>\n','<p>【SpringMvc+Mybatis客户关系管理系统】视频教程第00讲[15分钟]&nbsp;&nbsp; &nbsp;-&nbsp;&nbsp; &nbsp;系统演示<br />\n【SpringMvc+Mybatis客户关系管理系统】视频教程第01讲[13分钟]&nbsp;&nbsp; &nbsp;-&nbsp;&nbsp; &nbsp;项目框架搭建<br />\n【SpringMvc+Mybatis客户关系管理系统】视频教程第02讲[10分钟]&nbsp;&nbsp; &nbsp;-&nbsp;&nbsp; &nbsp;登录功能实现<br />\n【SpringMvc+Mybatis客户关系管理系统】视频教程第03讲[24分钟]&nbsp;&nbsp; &nbsp;-&nbsp;&nbsp; &nbsp;系统主页实现<br />\n【SpringMvc+Mybatis客户关系管理系统】视频教程第04讲[25分钟]&nbsp;&nbsp; &nbsp;-&nbsp;&nbsp; &nbsp;用户信息管理<br />\n【SpringMvc+Mybatis客户关系管理系统】视频教程第05讲[43分钟]&nbsp;&nbsp; &nbsp;-&nbsp;&nbsp; &nbsp;用户信息管理B<br />\n【SpringMvc+Mybatis客户关系管理系统】视频教程第06讲[14分钟]&nbsp;&nbsp; &nbsp;-&nbsp;&nbsp; &nbsp;产品信息查询<br />\n【SpringMvc+Mybatis客户关系管理系统】视频教程第07讲[23分钟]&nbsp;&nbsp; &nbsp;-&nbsp;&nbsp; &nbsp;数据字典管理A<br />\n【SpringMvc+Mybatis客户关系管理系统】视频教程第08讲[17分钟]&nbsp;&nbsp; &nbsp;-&nbsp;&nbsp; &nbsp;数据字典管理B<br />\n【SpringMvc+Mybatis客户关系管理系统】视频教程第09讲[32分钟]&nbsp;&nbsp; &nbsp;-&nbsp;&nbsp; &nbsp;销售机会管理A<br />\n【SpringMvc+Mybatis客户关系管理系统】视频教程第10讲[35分钟]&nbsp;&nbsp; &nbsp;-&nbsp;&nbsp; &nbsp;销售机会管理B<br />\n【SpringMvc+Mybatis客户关系管理系统】视频教程第11讲[13分钟]&nbsp;&nbsp; &nbsp;-&nbsp;&nbsp; &nbsp;销售机会管理C<br />\n【SpringMvc+Mybatis客户关系管理系统】视频教程第12讲[16分钟]&nbsp;&nbsp; &nbsp;-&nbsp;&nbsp; &nbsp;客户开发计划A<br />\n【SpringMvc+Mybatis客户关系管理系统】视频教程第13讲[26分钟]&nbsp;&nbsp; &nbsp;-&nbsp;&nbsp; &nbsp;客户开发计划B<br />\n【SpringMvc+Mybatis客户关系管理系统】视频教程第14讲[34分钟]&nbsp;&nbsp; &nbsp;-&nbsp;&nbsp; &nbsp;客户开发计划C<br />\n【SpringMvc+Mybatis客户关系管理系统】视频教程第15讲[15分钟]&nbsp;&nbsp; &nbsp;-&nbsp;&nbsp; &nbsp;客户开发计划D<br />\n【SpringMvc+Mybatis客户关系管理系统】视频教程第16讲[19分钟]&nbsp;&nbsp; &nbsp;-&nbsp;&nbsp; &nbsp;客户信息管理A<br />\n【SpringMvc+Mybatis客户关系管理系统】视频教程第17讲[38分钟]&nbsp;&nbsp; &nbsp;-&nbsp;&nbsp; &nbsp;客户信息管理B<br />\n【SpringMvc+Mybatis客户关系管理系统】视频教程第18讲[07分钟]&nbsp;&nbsp; &nbsp;-&nbsp;&nbsp; &nbsp;客户信息管理C<br />\n【SpringMvc+Mybatis客户关系管理系统】视频教程第19讲[32分钟]&nbsp;&nbsp; &nbsp;-&nbsp;&nbsp; &nbsp;客户信息管理D<br />\n【SpringMvc+Mybatis客户关系管理系统】视频教程第20讲[21分钟]&nbsp;&nbsp; &nbsp;-&nbsp;&nbsp; &nbsp;客户信息管理E<br />\n【SpringMvc+Mybatis客户关系管理系统】视频教程第21讲[23分钟]&nbsp;&nbsp; &nbsp;-&nbsp;&nbsp; &nbsp;客户信息管理F<br />\n【SpringMvc+Mybatis客户关系管理系统】视频教程第22讲[35分钟]&nbsp;&nbsp; &nbsp;-&nbsp;&nbsp; &nbsp;客户信息管理G<br />\n【SpringMvc+Mybatis客户关系管理系统】视频教程第23讲[26分钟]&nbsp;&nbsp; &nbsp;-&nbsp;&nbsp; &nbsp;客户流失管理A<br />\n【SpringMvc+Mybatis客户关系管理系统】视频教程第24讲[35分钟]&nbsp;&nbsp; &nbsp;-&nbsp;&nbsp; &nbsp;客户流失管理B<br />\n【SpringMvc+Mybatis客户关系管理系统】视频教程第25讲[42分钟]&nbsp;&nbsp; &nbsp;-&nbsp;&nbsp; &nbsp;客户流失管理C<br />\n【SpringMvc+Mybatis客户关系管理系统】视频教程第26讲[39分钟]&nbsp;&nbsp; &nbsp;-&nbsp;&nbsp; &nbsp;服务管理-服务创建<br />\n【SpringMvc+Mybatis客户关系管理系统】视频教程第27讲[31分钟]&nbsp;&nbsp; &nbsp;-&nbsp;&nbsp; &nbsp;服务管理-服务分配<br />\n【SpringMvc+Mybatis客户关系管理系统】视频教程第28讲[15分钟]&nbsp;&nbsp; &nbsp;-&nbsp;&nbsp; &nbsp;服务管理-服务处理<br />\n【SpringMvc+Mybatis客户关系管理系统】视频教程第29讲[12分钟]&nbsp;&nbsp; &nbsp;-&nbsp;&nbsp; &nbsp;服务管理-服务反馈<br />\n【SpringMvc+Mybatis客户关系管理系统】视频教程第30讲[27分钟]&nbsp;&nbsp; &nbsp;-&nbsp;&nbsp; &nbsp;服务管理-服务归档<br />\n【SpringMvc+Mybatis客户关系管理系统】视频教程第31讲[21分钟]&nbsp;&nbsp; &nbsp;-&nbsp;&nbsp; &nbsp;统计报表-客户贡献分析<br />\n【SpringMvc+Mybatis客户关系管理系统】视频教程第32讲[30分钟]&nbsp;&nbsp; &nbsp;-&nbsp;&nbsp; &nbsp;统计报表-客户构成分析<br />\n【SpringMvc+Mybatis客户关系管理系统】视频教程第33讲[23分钟]&nbsp;&nbsp; &nbsp;-&nbsp;&nbsp; &nbsp;统计报表-客户服务分析<br />\n【SpringMvc+Mybatis客户关系管理系统】视频教程第34讲[06分钟]&nbsp;&nbsp; &nbsp;-&nbsp;&nbsp; &nbsp;统计报表-客户流失分析<br />\n【SpringMvc+Mybatis客户关系管理系统】视频教程第35讲[22分钟]&nbsp;&nbsp; &nbsp;-&nbsp;&nbsp; &nbsp;系统管理<br />\n&nbsp;</p>\n',NULL,NULL,'\0',NULL,'',2,'\0',NULL,'',2,2,1),(83,'Jsp新闻发布系统视频教程','20200710085230.jpg','vip',323268,'<p>&nbsp;</p>\n\n<p><span style=\"font-size:16px\"><a href=\"https://www.bilibili.com/video/BV1r4411E7eV/\" target=\"_blank\"><span style=\"color:#e67e22\"><strong>系统b站在线演示</strong></span></a></span></p>\n\n<p>&nbsp;</p>\n\n<p><span style=\"font-size:16px\"><strong>购买至尊vip，所有vip项目都免费享有学习，<a href=\"http://www.java1234.vip/toPayVip\" target=\"_blank\"><span style=\"color:#ff0000\">vip购买链接</span></a></strong></span></p>\n\n<p>本课程单独购买价格是&nbsp;<strong>80</strong>，需要的可以联系锋哥；</p>\n\n<p>微信：QQ527085608</p>\n\n<p><img alt=\"\" src=\"http://www.java1234.vip/articleImages/20200713024736.jpg\" style=\"height:150px; width:150px\" /></p>\n\n<p>&nbsp;</p>\n\n<p>本系统采用传统的Jsp+Servlet+Model的MVC开发模式，前端采用主流的BootStrap技术，数据库采用Mysql，运用到Jquery Ajax异步提交技术；本视频教程详细讲解了次系统的完整开发，亮点是Bootstrap的综合运用，ckeditor的运用包括图片上传配置；本系统是一个标准的传统MVC项目，值得学习；</p>\n\n<p>&nbsp;</p>\n\n<p><img alt=\"\" src=\"/articleImages/20200712054253.png\" /></p>\n\n<p>&nbsp;</p>\n\n<p><img alt=\"\" src=\"/articleImages/20200712054313.png\" /></p>\n\n<p>&nbsp;</p>\n\n<p><img alt=\"\" src=\"/articleImages/20200712054329.png\" /></p>\n\n<p>&nbsp;</p>\n\n<p><img alt=\"\" src=\"/articleImages/20200712054345.png\" /></p>\n\n<p>&nbsp;</p>\n\n<p><img alt=\"\" src=\"/articleImages/20200712054400.png\" /></p>\n\n<p>&nbsp;</p>\n\n<p><img alt=\"\" src=\"/articleImages/20200712054413.png\" /></p>\n\n<p>&nbsp;</p>\n\n<p><img alt=\"\" src=\"/articleImages/20200712054425.png\" /></p>\n\n<p>&nbsp;</p>\n\n<p>&nbsp;</p>\n','<p>【Jsp屌炸天新闻发布系统】视频教程第00讲[21分钟]&nbsp;&nbsp; &nbsp;-&nbsp;&nbsp; &nbsp;系统演示<br />\n【Jsp屌炸天新闻发布系统】视频教程第01讲[20分钟]&nbsp;&nbsp; &nbsp;-&nbsp;&nbsp; &nbsp;需求分析及数据库设计<br />\n【Jsp屌炸天新闻发布系统】视频教程第02讲[40分钟]&nbsp;&nbsp; &nbsp;-&nbsp;&nbsp; &nbsp;新闻系统静态主界面搭建<br />\n【Jsp屌炸天新闻发布系统】视频教程第03讲[40分钟]&nbsp;&nbsp; &nbsp;-&nbsp;&nbsp; &nbsp;新闻系统主界面信息动态化(上)<br />\n【Jsp屌炸天新闻发布系统】视频教程第04讲[39分钟]&nbsp;&nbsp; &nbsp;-&nbsp;&nbsp; &nbsp;新闻系统主界面信息动态化(下)<br />\n【Jsp屌炸天新闻发布系统】视频教程第05讲[27分钟]&nbsp;&nbsp; &nbsp;-&nbsp;&nbsp; &nbsp;系统启动初始化信息设置<br />\n【Jsp屌炸天新闻发布系统】视频教程第06讲[47分钟]&nbsp;&nbsp; &nbsp;-&nbsp;&nbsp; &nbsp;新闻类别列表页实现<br />\n【Jsp屌炸天新闻发布系统】视频教程第07讲[41分钟]&nbsp;&nbsp; &nbsp;-&nbsp;&nbsp; &nbsp;新闻内容页实现<br />\n【Jsp屌炸天新闻发布系统】视频教程第08讲[33分钟]&nbsp;&nbsp; &nbsp;-&nbsp;&nbsp; &nbsp;新闻评论实现<br />\n【Jsp屌炸天新闻发布系统】视频教程第09讲[15分钟]&nbsp;&nbsp; &nbsp;-&nbsp;&nbsp; &nbsp;后台登录实现<br />\n【Jsp屌炸天新闻发布系统】视频教程第10讲[17分钟]&nbsp;&nbsp; &nbsp;-&nbsp;&nbsp; &nbsp;后台管理主界面搭建<br />\n【Jsp屌炸天新闻发布系统】视频教程第11讲[37分钟]&nbsp;&nbsp; &nbsp;-&nbsp;&nbsp; &nbsp;友情链接管理&mdash;添加实现<br />\n【Jsp屌炸天新闻发布系统】视频教程第12讲[35分钟]&nbsp;&nbsp; &nbsp;-&nbsp;&nbsp; &nbsp;友情链接管理&mdash;维护实现<br />\n【Jsp屌炸天新闻发布系统】视频教程第13讲[33分钟]&nbsp;&nbsp; &nbsp;-&nbsp;&nbsp; &nbsp;新闻类别管理实现<br />\n【Jsp屌炸天新闻发布系统】视频教程第14讲[68分钟]&nbsp;&nbsp; &nbsp;-&nbsp;&nbsp; &nbsp;新闻评论维护实现(上)<br />\n【Jsp屌炸天新闻发布系统】视频教程第15讲[21分钟]&nbsp;&nbsp; &nbsp;-&nbsp;&nbsp; &nbsp;新闻评论维护实现(下)<br />\n【Jsp屌炸天新闻发布系统】视频教程第16讲[25分钟]&nbsp;&nbsp; &nbsp;-&nbsp;&nbsp; &nbsp;新闻添加实现(上)<br />\n【Jsp屌炸天新闻发布系统】视频教程第17讲[47分钟]&nbsp;&nbsp; &nbsp;-&nbsp;&nbsp; &nbsp;新闻添加实现(下)<br />\n【Jsp屌炸天新闻发布系统】视频教程第18讲[27分钟]&nbsp;&nbsp; &nbsp;-&nbsp;&nbsp; &nbsp;新闻维护实现(上)<br />\n【Jsp屌炸天新闻发布系统】视频教程第19讲[35分钟]&nbsp;&nbsp; &nbsp;-&nbsp;&nbsp; &nbsp;新闻维护实现(下)<br />\n【Jsp屌炸天新闻发布系统】视频教程第20讲[11分钟]&nbsp;&nbsp; &nbsp;-&nbsp;&nbsp; &nbsp;刷新服务器缓存功能实现<br />\n&nbsp;</p>\n',NULL,NULL,'\0',NULL,'\0',NULL,'\0',NULL,'',2,2,1),(84,'Easyui基于角色的权限系统','20200710085219.jpg','vip',1035,'<p>&nbsp;</p>\n\n<p><a href=\"https://www.bilibili.com/video/BV164411E7GA/\" target=\"_blank\"><span style=\"color:#e74c3c\"><span style=\"font-size:16px\"><strong>系统b站在线演示</strong></span></span></a></p>\n\n<p>&nbsp;</p>\n\n<p><span style=\"font-size:16px\"><strong>购买至尊vip，所有vip项目都免费享有学习，<a href=\"http://www.java1234.vip/toPayVip\" target=\"_blank\"><span style=\"color:#ff0000\">vip购买链接</span></a></strong></span></p>\n\n<p>本课程单独购买价格是&nbsp;<strong>80</strong>，需要的可以联系锋哥；</p>\n\n<p>微信：QQ527085608</p>\n\n<p><img alt=\"\" src=\"http://www.java1234.vip/articleImages/20200713024736.jpg\" style=\"height:150px; width:150px\" /></p>\n\n<p>&nbsp;</p>\n\n<p>本系统采用传统的Jsp+Servlet+Model的MVC开发模式，前端采用EasyUI，数据库采用Mysql，实现了基于角色的权限系统，本视频教程详细讲解了此系统的完整开发，尤其是EasyUI的高级组件，比如树，表格树等是亮点；</p>\n\n<p>&nbsp;</p>\n\n<p><img alt=\"\" src=\"/articleImages/20200712052614.png\" /></p>\n\n<p>&nbsp;</p>\n\n<p><img alt=\"\" src=\"/articleImages/20200712052632.png\" /></p>\n\n<p>&nbsp;</p>\n\n<p><img alt=\"\" src=\"/articleImages/20200712052649.png\" /></p>\n\n<p>&nbsp;</p>\n\n<p><img alt=\"\" src=\"/articleImages/20200712052703.png\" /></p>\n\n<p>&nbsp;</p>\n\n<p><img alt=\"\" src=\"/articleImages/20200712052718.png\" /></p>\n\n<p>&nbsp;</p>\n\n<p><img alt=\"\" src=\"/articleImages/20200712052731.png\" /></p>\n\n<p>&nbsp;</p>\n\n<p><img alt=\"\" src=\"/articleImages/20200712052744.png\" /></p>\n\n<p>&nbsp;</p>\n','<p>【基于角色的权限系统】视频教程第00讲[11分钟]&nbsp;&nbsp; &nbsp;-&nbsp;&nbsp; &nbsp;系统演示<br />\n【基于角色的权限系统】视频教程第01讲[09分钟]&nbsp;&nbsp; &nbsp;-&nbsp;&nbsp; &nbsp;需求分析;数据库设计<br />\n【基于角色的权限系统】视频教程第02讲[48分钟]&nbsp;&nbsp; &nbsp;-&nbsp;&nbsp; &nbsp;开发环境搭建;用户登录实现<br />\n【基于角色的权限系统】视频教程第03讲[47分钟]&nbsp;&nbsp; &nbsp;-&nbsp;&nbsp; &nbsp;EasyUI树使用;递归获取所有菜单节点;主界面实现<br />\n【基于角色的权限系统】视频教程第04讲[20分钟]&nbsp;&nbsp; &nbsp;-&nbsp;&nbsp; &nbsp;主界面判断登录;主界面显示用户角色;根据用户权限显示对应菜单<br />\n【基于角色的权限系统】视频教程第05讲[60分钟]&nbsp;&nbsp; &nbsp;-&nbsp;&nbsp; &nbsp;点击菜单节点显示菜单内容页面;安全退出系统实现;修改密码实现<br />\n【基于角色的权限系统】视频教程第06讲[56分钟]&nbsp;&nbsp; &nbsp;-&nbsp;&nbsp; &nbsp;用户模块主界面搭建;分页显示用户数据;用户查询实现<br />\n【基于角色的权限系统】视频教程第07讲[46分钟]&nbsp;&nbsp; &nbsp;-&nbsp;&nbsp; &nbsp;用户添加功能实现(初步);用户更新功能实现(初步)<br />\n【基于角色的权限系统】视频教程第08讲[53分钟]&nbsp;&nbsp; &nbsp;-&nbsp;&nbsp; &nbsp;用户添加和更新功能完善;用户删除实现<br />\n【基于角色的权限系统】视频教程第09讲[20分钟]&nbsp;&nbsp; &nbsp;-&nbsp;&nbsp; &nbsp;角色模块主界面搭建;分页显示角色数据;角色查询实现;角色删除实现<br />\n【基于角色的权限系统】视频教程第10讲[21分钟]&nbsp;&nbsp; &nbsp;-&nbsp;&nbsp; &nbsp;角色添加实现;角色更新实现;角色授权界面实现<br />\n【基于角色的权限系统】视频教程第11讲[45分钟]&nbsp;&nbsp; &nbsp;-&nbsp;&nbsp; &nbsp;角色授权功能实现<br />\n【基于角色的权限系统】视频教程第12讲[25分钟]&nbsp;&nbsp; &nbsp;-&nbsp;&nbsp; &nbsp;菜单模块主界面搭建;显示所有菜单数据<br />\n【基于角色的权限系统】视频教程第13讲[41分钟]&nbsp;&nbsp; &nbsp;-&nbsp;&nbsp; &nbsp;菜单添加实现;菜单更新实现<br />\n【基于角色的权限系统】视频教程第14讲[35分钟]&nbsp;&nbsp; &nbsp;-&nbsp;&nbsp; &nbsp;用户界面菜单刷新验证;菜单删除实现</p>\n',NULL,NULL,'\0',NULL,'\0',NULL,'\0',NULL,'',2,2,1),(85,'支付宝微信在线支付系统视频教程','20200710084211.jpg','vip',2050,'<p>&nbsp;</p>\n\n<p><span style=\"font-size:16px\"><a href=\"https://www.bilibili.com/video/BV1k4411E7QX/\" target=\"_blank\"><span style=\"color:#e67e22\"><strong>系统b站在线演示</strong></span></a></span></p>\n\n<p>&nbsp;</p>\n\n<p><span style=\"font-size:16px\"><strong>购买至尊vip，所有vip项目都免费享有学习，<a href=\"http://www.java1234.vip/toPayVip\" target=\"_blank\"><span style=\"color:#ff0000\">vip购买链接</span></a></strong></span></p>\n\n<p>本课程单独购买价格是&nbsp;<strong>150</strong>，需要的可以联系锋哥；</p>\n\n<p>微信：QQ527085608</p>\n\n<p><img alt=\"\" src=\"http://www.java1234.vip/articleImages/20200713024736.jpg\" style=\"height:150px; width:150px\" /></p>\n\n<p>&nbsp;</p>\n\n<p>本系统使用SpringBoot架构，数据访问层采用Spring Data Jpa，业务控制层采用SpringMvc，界面采用了layui技术，详细讲解了支付宝微信在线支付流程；</p>\n\n<p>&nbsp;</p>\n\n<p>&nbsp;</p>\n\n<p><img alt=\"\" src=\"/articleImages/20200712070645.png\" /></p>\n\n<p>&nbsp;</p>\n\n<p><img alt=\"\" src=\"/articleImages/20200712070656.png\" /></p>\n\n<p>&nbsp;</p>\n\n<p><img alt=\"\" src=\"/articleImages/20200712070706.png\" /></p>\n\n<p>&nbsp;</p>\n\n<p><img alt=\"\" src=\"/articleImages/20200712070724.png\" /></p>\n\n<p>&nbsp;</p>\n\n<p>&nbsp;</p>\n','<p>支付宝微信在线支付系统视频教程第00讲[07分钟]&nbsp;&nbsp; &nbsp;-&nbsp;&nbsp; &nbsp;系统演示<br />\n支付宝微信在线支付系统视频教程第01讲[18分钟]&nbsp;&nbsp; &nbsp;-&nbsp;&nbsp; &nbsp;项目架构搭建<br />\n支付宝微信在线支付系统视频教程第02讲[16分钟]&nbsp;&nbsp; &nbsp;-&nbsp;&nbsp; &nbsp;用户支付页面搭建<br />\n支付宝微信在线支付系统视频教程第03讲[22分钟]&nbsp;&nbsp; &nbsp;-&nbsp;&nbsp; &nbsp;支付宝PC端在线支付实现<br />\n支付宝微信在线支付系统视频教程第04讲[18分钟]&nbsp;&nbsp; &nbsp;-&nbsp;&nbsp; &nbsp;支付宝支付通知和跳转<br />\n支付宝微信在线支付系统视频教程第05讲[27分钟]&nbsp;&nbsp; &nbsp;-&nbsp;&nbsp; &nbsp;微信PC端支付<br />\n支付宝微信在线支付系统视频教程第06讲[22分钟]&nbsp;&nbsp; &nbsp;-&nbsp;&nbsp; &nbsp;订单查询实现<br />\n支付宝微信在线支付系统视频教程第07讲[09分钟]&nbsp;&nbsp; &nbsp;-&nbsp;&nbsp; &nbsp;支付宝微信移动端支付<br />\n&nbsp;</p>\n',NULL,NULL,'',2,'',2,'\0',NULL,'',2,2,1),(86,'J2se视频教程(v2)','20200711034411.jpg','free',3384,'<p>Java2平台包括：标准版（J2SE）、企业版（J2EE）和微缩版（J2ME）三个版本。J2SE,J2ME和J2EE,这也就是SunONE(Open NetEnvironment)体系。J2SE就是Java2的标准版，主要用于桌面应用软件的编程；J2ME主要应用于嵌入式系统开发，如手机和PDA的编程；J2EE是Java2的企业版，主要用于分布式的网络程序的开发，如电子商务网站和ERP系统。</p>\n','<p>一脚揣进J2SE</p>\n\n<ul>\n	<li>\n	<p>第一章：问候JAVA 他大爷</p>\n\n	<ul>\n		<li>\n		<p>第一节： Java简介</p>\n		</li>\n		<li>\n		<p>第二节：Java运行环境搭建</p>\n		</li>\n		<li>\n		<p>第三节：HelloWorld实现及Java运行原理介绍</p>\n		</li>\n	</ul>\n	</li>\n	<li>\n	<p>第二章：JAVA基础语法</p>\n\n	<ul>\n		<li>\n		<p>第一节：Eclipse引入</p>\n		</li>\n		<li>\n		<p>第二节：注释，标识符命名规则及Java中的关键字</p>\n		</li>\n		<li>\n		<p>第三节：Java基本数据类型</p>\n		</li>\n		<li>\n		<p>第四节：Java运算符与表达式</p>\n		</li>\n		<li>\n		<p>第五节：Java选择与循环语句</p>\n		</li>\n		<li>\n		<p>第六节：Java数组</p>\n		</li>\n	</ul>\n	</li>\n	<li>\n	<p>第三章：JAVA面向对象</p>\n\n	<ul>\n		<li>\n		<p>第一节：面向对象的基本概念</p>\n		</li>\n		<li>\n		<p>第二节：类与对象</p>\n		</li>\n		<li>\n		<p>第三节：方法</p>\n		</li>\n		<li>\n		<p>第四节：构造方法，this关键字</p>\n		</li>\n		<li>\n		<p>第五节：访问控制权限及package import关键字</p>\n		</li>\n		<li>\n		<p>第六节：内部类</p>\n		</li>\n		<li>\n		<p>第七节：代码块</p>\n		</li>\n		<li>\n		<p>第八节：String类</p>\n		</li>\n		<li>\n		<p>第九节：Java类的继承</p>\n		</li>\n		<li>\n		<p>第十节：final关键字</p>\n		</li>\n		<li>\n		<p>第十一节：抽象类</p>\n		</li>\n		<li>\n		<p>第十二节：接口</p>\n		</li>\n		<li>\n		<p>第十三节：对象多态性</p>\n		</li>\n		<li>\n		<p>第十四节：Object类</p>\n		</li>\n		<li>\n		<p>第十五节：instanceof关键字</p>\n		</li>\n		<li>\n		<p>第十六节：匿名内部类</p>\n		</li>\n		<li>\n		<p>第十七节：包装类</p>\n		</li>\n		<li>\n		<p>第十八节：设计模式</p>\n		</li>\n	</ul>\n	</li>\n	<li>\n	<p>第四章：Java异常处理</p>\n\n	<ul>\n		<li>\n		<p>第一节：异常的概念</p>\n		</li>\n		<li>\n		<p>第二节：捕获和处理异常</p>\n		</li>\n		<li>\n		<p>第三节：throws和throw关键字</p>\n		</li>\n		<li>\n		<p>第四节：Exception 和 RuntimeException 区别</p>\n		</li>\n		<li>\n		<p>第五节：自定义异常类</p>\n		</li>\n	</ul>\n	</li>\n	<li>\n	<p>第五章：Java常用类</p>\n\n	<ul>\n		<li>\n		<p>第一节：Java日期处理类</p>\n		</li>\n		<li>\n		<p>第二节：String VS StringBuffer</p>\n		</li>\n		<li>\n		<p>第三节：Math类</p>\n		</li>\n		<li>\n		<p>第四节：Arrays类</p>\n		</li>\n	</ul>\n	</li>\n	<li>\n	<p>第六章：Java泛型</p>\n\n	<ul>\n		<li>\n		<p>第一节：泛型引入</p>\n		</li>\n		<li>\n		<p>第二节：限制泛型</p>\n		</li>\n		<li>\n		<p>第三节：通配符泛型</p>\n		</li>\n		<li>\n		<p>第四节：泛型方法</p>\n		</li>\n	</ul>\n	</li>\n	<li>\n	<p>第七章：JAVA反射</p>\n\n	<ul>\n		<li>\n		<p>第一节：反射的基本概念</p>\n		</li>\n		<li>\n		<p>第二节：java Class基本使用</p>\n		</li>\n		<li>\n		<p>第三节：通过反射获取类的基本结构</p>\n		</li>\n		<li>\n		<p>第四节：通过反射调用方法和操作属性</p>\n		</li>\n	</ul>\n	</li>\n	<li>\n	<p>第八章：Java集合</p>\n\n	<ul>\n		<li>\n		<p>第一节：Java集合的引入</p>\n		</li>\n		<li>\n		<p>第二节：List集合</p>\n		</li>\n		<li>\n		<p>第三节：集合的遍历</p>\n		</li>\n		<li>\n		<p>第四节：Set集合</p>\n		</li>\n		<li>\n		<p>第五节：Map集合</p>\n		</li>\n	</ul>\n	</li>\n	<li>\n	<p>第九章：Java多线程</p>\n\n	<ul>\n		<li>\n		<p>第一节：多线程的引入</p>\n		</li>\n		<li>\n		<p>第二节：Java多线程实现</p>\n		</li>\n		<li>\n		<p>第三节：线程状态</p>\n		</li>\n		<li>\n		<p>第四节：线程常用方法</p>\n		</li>\n		<li>\n		<p>第五节：线程同步</p>\n		</li>\n	</ul>\n	</li>\n	<li>\n	<p>第十章：Java IO流</p>\n\n	<ul>\n		<li>\n		<p>第一节：IO流简介</p>\n		</li>\n		<li>\n		<p>第二节：文件操作File类</p>\n		</li>\n		<li>\n		<p>第三节：字节输入，输出流</p>\n		</li>\n		<li>\n		<p>第四节：字符输入，输出流</p>\n		</li>\n	</ul>\n	</li>\n	<li>\n	<p>第十一章：JAVA debug断点调试</p>\n\n	<ul>\n		<li>\n		<p>第一节：断点调试的重要性</p>\n		</li>\n		<li>\n		<p>第二节：eclipse debug使用基本操作</p>\n		</li>\n		<li>\n		<p>第三节：常见调试 F6 单步 F8完成 F5进入方法</p>\n		</li>\n		<li>\n		<p>第四节：ctrl+shift+i查看表示式值</p>\n		</li>\n		<li>\n		<p>第五节：运行时动态修改变量值</p>\n		</li>\n	</ul>\n	</li>\n</ul>\n','<p>百度云地址：<a href=\"https://pan.baidu.com/s/1q4ZQGKiZkgz4Es4e7nCoIA\" target=\"_blank\">https://pan.baidu.com/s/1q4ZQGKiZkgz4Es4e7nCoIA</a></p>\n','https://www.bilibili.com/video/BV1s4411K7R2','\0',NULL,'\0',NULL,'\0',NULL,'\0',NULL,2,1),(87,'mysql数据库视频教程','20200711034358.jpg','free',43554,'<p>&nbsp; &nbsp;MySQL是一个关系型数据库管理系统，由瑞典MySQL AB 公司开发，属于 Oracle 旗下产品。MySQL 是最流行的关系型数据库管理系统之一，在 WEB 应用方面，MySQL是最好的 RDBMS (Relational Database Management System，关系数据库管理系统) 应用软件之一。</p>\n\n<p><br />\n&nbsp; &nbsp;MySQL是一种关系型数据库管理系统，关系数据库将数据保存在不同的表中，而不是将所有数据放在一个大仓库内，这样就增加了速度并提高了灵活性。</p>\n\n<p><br />\n&nbsp; &nbsp; MySQL所使用的 SQL 语言是用于访问数据库的最常用标准化语言。MySQL 软件采用了双授权政策，分为社区版和商业版，由于其体积小、速度快、总体拥有成本低，尤其是开放源码这一特点，一般中小型网站的开发都选择 MySQL 作为网站数据库。</p>\n','<p>一头扎进Mysql<br />\n第一章 Mysql简介及安装和配置<br />\n第一节：Mysql简介<br />\n第二节：Mysql安装及配置<br />\n第二章 Mysql数据类型简介<br />\n第一节：整数类型、浮点数类型和定点数类型<br />\n第二节：日期与时间类型<br />\n第三节：字符串类型<br />\n第三章 数据库基本操作<br />\n第一节：数据库简介<br />\n第二节：显示所有数据库<br />\n第三节：创建数据库<br />\n第四节：删除数据库<br />\n第四章 数据库表基本操作<br />\n第一节：创建表<br />\n第二节：查看表结构<br />\n第三节：修改表<br />\n第四节：删除表<br />\n第五章 查询数据<br />\n第一节：单表查询<br />\n第二节：使用聚合函数查询<br />\n第三节：连接查询<br />\n第四节：子查询<br />\n第五节：合并查询结果<br />\n第六节：为表和字段取别名<br />\n第六章 插入，更新和删除数据<br />\n第一节：插入数据<br />\n第二节：更新数据<br />\n第三节：删除数据<br />\n第七章 索引<br />\n第一节：索引的引入<br />\n第二节：索引的优缺点<br />\n第三节：索引实例<br />\n第四节：索引分类<br />\n第五节：创建索引<br />\n第六节：删除索引<br />\n第八章 视图<br />\n第一节：视图的引入<br />\n第二节：视图的作用<br />\n第三节：创建视图<br />\n第四节：查看视图<br />\n第五节：修改视图<br />\n第六节：更新视图<br />\n第七节：删除视图<br />\n第九章 触发器<br />\n第一节：触发器的引入<br />\n第二节：创建与使用触发器<br />\n第三节：查看触发器<br />\n第四节：删除触发器<br />\n第十章 MySQL常用函数<br />\n第一节：日期和时间函数<br />\n第二节：字符串函数<br />\n第三节：数学函数<br />\n第四节：加密函数<br />\n第十一章 存储过程和函数<br />\n第一节：存储过程和函数的引入<br />\n第二节：创建存储过程和函数<br />\n第三节：调用存储过程和函数<br />\n第四节：查看存储过程和函数<br />\n第五节：修改存储过程和函数<br />\n第六节：删除存储过程和函数<br />\n第十二章 数据备份与还原<br />\n第一节：数据备份<br />\n第二节：数据还原</p>\n','<p>百度云地址：<a href=\"https://pan.baidu.com/s/1oxfzpVyTc2fZF9CtjcxyEw\" target=\"_blank\">https://pan.baidu.com/s/1oxfzpVyTc2fZF9CtjcxyEw</a>&nbsp;密码&nbsp;&nbsp;s9ir</p>\n','https://www.bilibili.com/video/BV1K4411N7xD','\0',NULL,'\0',NULL,'\0',NULL,'\0',NULL,3,1),(88,'JDBC视频教程','20200711034345.jpg','free',32431,'<p>Java数据库连接，（Java Database Connectivity，简称JDBC）是Java语言中用来规范客户端程序如何来访问数据库的应用程序接口，提供了诸如查询和更新数据库中数据的方法。JDBC也是Sun Microsystems的商标。我们通常说的JDBC是面向关系型数据库的。</p>\n','<p>一头扎进JDBC<br />\n第一章 JDBC概述<br />\n第一节：JDBC简介<br />\n第二节：JDBC原理<br />\n第二章 JDBC连接数据库<br />\n第一节：JDBC连接数据库步骤<br />\n第二节：在项目里配置数据库驱动<br />\n第三节：加载数据驱动<br />\n第四节：连接及关闭数据库<br />\n第三章 使用Statement接口实现增，删，改操作<br />\n第一节：Statement接口引入<br />\n第二节：使用Statement接口实现添加数据操作<br />\n第三节：使用Statement接口实现更新数据操作<br />\n第四节：使用Statement接口实现删除数据操作<br />\n第四章 使用PreparedStatement接口实现增，删，改操作<br />\n第一节：PreparedStatement接口引入<br />\n第二节：使用PreparedStatement接口实现添加数据操作<br />\n第三节：使用PreparedStatement接口实现更新数据操作<br />\n第四节：使用PreparedStatement接口实现删除数据操作<br />\n第五章 ResultSet结果集<br />\n第一节：ResultSet结果集的引入<br />\n第二节：使用ResultSet遍历查询结果<br />\n第六章 处理大数据对象<br />\n第一节：处理CLOB数据<br />\n第二节：处理BLOG数据<br />\n第七章 使用CallableStatement接口调用存储过程<br />\n第一节：CallableStatement接口的引入<br />\n第二节：使用CallableStatement接口调用存储过程<br />\n第八章 使用元数据分析数据库<br />\n第一节：使用DatabaseMetaData获取数据库基本信息<br />\n第二节：使用ResultSetMetaData获取ResultSet对象中的信息<br />\n第九章 JDBC事务处理<br />\n第一节：事务的概念<br />\n第二节：MySQL对事务的支持<br />\n第三节：JDBC事务处理<br />\n第四节：事务保存点</p>\n','<p>百度云：<a href=\"https://pan.baidu.com/s/1JQeg1-RshM4ROqt0Y0gb4w\" target=\"_blank\">https://pan.baidu.com/s/1JQeg1-RshM4ROqt0Y0gb4w</a></p>\n','https://www.bilibili.com/video/BV1E441157AR','\0',NULL,'\0',NULL,'\0',NULL,'\0',NULL,2,1),(89,'Swing图书管理系统V2.0视频教程','20200711034330.jpg','free',323254,'<p>该项目课程界面采用Swing技术，</p>\n\n<p>讲解过程中涉及到debug，java核心技术，以及jdbc操作；</p>\n\n<p>非常适合巩固java基础；</p>\n','<p>Swing入门级项目全程实录<br />\n第零讲：项目演示<br />\n第一讲：登录功能实现<br />\n第二讲：主界面搭建<br />\n第三讲：图书类别添加实现<br />\n第四讲：图书类别查询实现<br />\n第五讲：图书类别删除和更新实现<br />\n第六讲：图书添加实现<br />\n第七讲：图书查询实现<br />\n第八讲：图书删除和更新实现</p>\n','<p>百度云地址：<a href=\"https://pan.baidu.com/s/1AuXdk70b3SEYqMqZHoDPAQ\" target=\"_blank\">https://pan.baidu.com/s/1AuXdk70b3SEYqMqZHoDPAQ</a></p>\n','https://www.bilibili.com/video/BV1J441157zS','\0',NULL,'\0',NULL,'\0',NULL,'\0',NULL,2,1),(90,'HTML视频教程','20200711033803.jpg','free',333,'<p>HTML称为超文本标记语言，是一种标识性的语言。它包括一系列标签．通过这些标签可以将网络上的文档格式统一，使分散的Internet资源连接为一个逻辑整体。HTML文本是由HTML命令组成的描述性文本，HTML命令可以说明文字，图形、动画、声音、表格、链接等。 [1]&nbsp;<br />\n超文本是一种组织信息的方式，它通过超级链接方法将文本中的文字、图表与其他信息媒体相关联。这些相互关联的信息媒体可能在同一文本中，也可能是其他文件，或是地理位置相距遥远的某台计算机上的文件。这种组织信息方式将分布在不同位置的信息资源用随机方式进行连接，为人们查找，检索信息提供方便。</p>\n','<p>一头扎进HTML<br />\n第一章 问候HTML他大爷<br />\n第一节：神马是Web<br />\n第二节：问候HTML他大爷<br />\n第二章 用HTML设置文本<br />\n第一节：HTML基本结构<br />\n第二节：文本排版<br />\n第三节：设置文字列表<br />\n第四节：HTML标记与HTML属性<br />\n第五节：特殊文字符号<br />\n第三章 在网页中使用图像img<br />\n第一节：初识网页图片<br />\n第二节：相对路径VS绝对路径<br />\n第三节：设置图片的尺寸<br />\n第四节：用alt属性为图像设置替换文本<br />\n第五节：用title属性为图像设置标题<br />\n第四章 用HTML建立超链接<br />\n第一节：基本文字超链接<br />\n第二节：设置图片的超链接<br />\n第三节：设置以新窗口显示链接页面<br />\n第四节：设置电子邮件链接<br />\n第五节：框架之间的链接<br />\n第六节：嵌入式框架iframe<br />\n第五章 用HTML创建表格<br />\n第一节：表格的基本结构<br />\n第二节：合并单元格<br />\n第三节：用align属性设置对齐方式<br />\n第四节：用bgcolor属性设置表格背景色和边框颜色<br />\n第五节：用cellpadding属性和cellspacing属性设定边距<br />\n第六章 HTML表单<br />\n第一节：Form表单<br />\n第二节：文本表单<br />\n第三节：单选框<br />\n第四节：复选框<br />\n第五节：下拉框<br />\n第六节：按钮<br />\n第七节：文件上传<br />\n第七章 HTML块<br />\n第一节：DIV<br />\n第二节：SPAN</p>\n','<p>百度云地址：<a href=\"https://pan.baidu.com/s/1LHM_uGdiwMqS41nAEj8fYg\" target=\"_blank\">https://pan.baidu.com/s/1LHM_uGdiwMqS41nAEj8fYg</a></p>\n','https://www.bilibili.com/video/BV1J441157Gg','\0',NULL,'\0',NULL,'\0',NULL,'\0',NULL,1,1),(91,'CSS视频教程','20200711033743.jpg','free',32436,'<p>层叠样式表(英文全称：Cascading Style Sheets)是一种用来表现HTML（标准通用标记语言的一个应用）或XML（标准通用标记语言的一个子集）等文件样式的计算机语言。CSS不仅可以静态地修饰网页，还可以配合各种脚本语言动态地对网页各元素进行格式化。 [1]&nbsp;<br />\nCSS 能够对网页中元素位置的排版进行像素级精确控制，支持几乎所有的字体字号样式，拥有对网页对象和模型样式编辑的能力。</p>\n','<p><br />\n一头扎进CSS<br />\n第一章 CSS概述<br />\n第一节：CSS简介<br />\n第二节：CSS引入<br />\n第二章 CSS核心基础<br />\n第一节：CSS基本语法<br />\n第二节：CSS基本选择器<br />\n第三节：在HTML中引入CSS的方法<br />\n第三章 网页制作小实践<br />\n第一节：网页裸奔<br />\n第二节：设置标题<br />\n第三节：设置图片<br />\n第四节：设置正文<br />\n第五节：设置整体页面<br />\n第四章 CSS高级特性<br />\n第一节：复合选择器<br />\n第二节：CSS的继承特性<br />\n第三节：CSS的层叠特性<br />\n第五章 用CSS设置文本样式<br />\n第一节：设置文字的字体<br />\n第二节：设置文字的倾斜效果<br />\n第三节：设置文字的加粗效果<br />\n第四节：设置英文字母大小写转换<br />\n第五节：设置文字的大小<br />\n第六节：设置文字的装饰效果<br />\n第七节：设置段落首行缩进<br />\n第八节：设置字词间距<br />\n第九节：设置文字的行高<br />\n第十节：设置段落之间的距离<br />\n第十一节：设置文本的水平位置<br />\n第十二节：设置文字和背景的颜色<br />\n第十三节：设置段落的垂直对齐方式<br />\n第六章 用CSS设置图像效果<br />\n第一节：设置图片边框<br />\n第二节：设置图片大小及缩放<br />\n第三节：图文混排<br />\n第四节：设置图片与文字的对齐方式<br />\n第七章 用CSS设置背景颜色和背景图像<br />\n第一节：设置背景颜色<br />\n第二节：设置背景图像<br />\n第三节：设置背景图像平铺<br />\n第四节：设置背景图像位置<br />\n第五节：设置背景图片位置固定<br />\n第八章 CSS盒模型<br />\n第一节：盒模型基本概念<br />\n第二节：边框<br />\n第三节：内边距<br />\n第四节：外边距<br />\n第五节：网页布局与盒模型<br />\n第六节：盒子在标准流中的定位<br />\n第九章 盒子的浮动与定位<br />\n第一节：盒子浮动float<br />\n第二节：使用clear清除浮动的影响<br />\n第三节：盒子定位position<br />\n第四节：z-index空间位置<br />\n第五节：盒子display属性<br />\n第十章 用CSS设置表格样式<br />\n第一节：设置表格的边框<br />\n第二节：设置表格的宽度<br />\n第三节：设置表格隔行换色<br />\n第四节：设置表格列样式<br />\n第五节：设置鼠标经过时行变色效果<br />\n第十一章 用CSS设置超链接样式<br />\n第一节：使用CSS伪类别来设置超链接样式<br />\n第二节：创建按钮式超链接<br />\n第十二章 用CSS设置列表样式<br />\n第一节：设置列表的符号<br />\n第二节：设置列表图片符号<br />\n第三节：创建简单导航菜单<br />\n第十三章 CSS固定宽度布局<br />\n第一节：CSS布局<br />\n第二节：绝对定位法<br />\n第三节：浮动法<br />\n第十四章 CSS变宽度布局<br />\n第一节：变宽度布局</p>\n','<p>百度云：<a href=\"https://pan.baidu.com/s/1ONs-IRbQz0B6PKtphaRMZw\" target=\"_blank\">https://pan.baidu.com/s/1ONs-IRbQz0B6PKtphaRMZw</a></p>\n','https://www.bilibili.com/video/BV1n441157rp','\0',NULL,'\0',NULL,'\0',NULL,'\0',NULL,1,1),(92,'JavaScript基础篇视频教程','20200711033733.jpg','free',3230,'<p>JavaScript（简称&ldquo;JS&rdquo;） 是一种具有函数优先的轻量级，解释型或即时编译型的高级编程语言。虽然它是作为开发Web页面的脚本语言而出名的，但是它也被用到了很多非浏览器环境中，JavaScript 基于原型编程、多范式的动态脚本语言，并且支持面向对象、命令式和声明式（如函数式编程）风格。 [1]&nbsp;<br />\nJavaScript在1995年由Netscape公司的Brendan Eich，在网景导航者浏览器上首次设计实现而成。因为Netscape与Sun合作，Netscape管理层希望它外观看起来像Java，因此取名为JavaScript。但实际上它的语法风格与Self及Scheme较为接近。 [2]&nbsp;<br />\nJavaScript的标准是ECMAScript 。截至 2012 年，所有浏览器都完整的支持ECMAScript 5.1，旧版本的浏览器至少支持ECMAScript 3 标准。2015年6月17日，ECMA国际组织发布了ECMAScript的第六版，该版本正式名称为 ECMAScript 2015，但通常被称为ECMAScript 6 或者ES6。</p>\n','<p>一头扎进JavaScript(基础篇)<br />\n第一章 问候JavaScript他大爷<br />\n第一节：JavaScript简介<br />\n第二节：问候JavaScript他大爷<br />\n第二章 JavaScript基本语法<br />\n第一节：JavaScript引入方式<br />\n第二节：JavaScript注释<br />\n第三节：JavaScript变量<br />\n第四节：JavaScript基本数据类型<br />\n第五节：JavaScript运算符<br />\n第六节：JavaScript选择与循环语句<br />\n第七节：JavaScript函数<br />\n第八节：Break VS Continue<br />\n第三章 JavaScript操作DOM节点<br />\n第一节：JavaScript处理DOM事件<br />\n第二节：JavaScript操作DOM节点<br />\n第三节：JavaScript修改DOM节点CSS样式<br />\n第四章 JavaScript对象<br />\n第一节：JavaScript对象<br />\n第二节：JavaScript字符串对象<br />\n第三节：JavaScript日期对象<br />\n第四节：JavaScript数组<br />\n第五章 JavaScript常用函数<br />\n第一节：JavaScript全局函数<br />\n第二节：JavaScript window对象常用方法及事件</p>\n','<p>百度云地址：<a href=\"https://pan.baidu.com/s/1ExNKH6XhCFJ-xvQfHSmvEg\" target=\"_blank\">https://pan.baidu.com/s/1ExNKH6XhCFJ-xvQfHSmvEg</a></p>\n','https://www.bilibili.com/video/BV1Ux411o7id','\0',NULL,'\0',NULL,'\0',NULL,'\0',NULL,1,1),(93,'Jsp&Servlet动态网页技术视频教程','20200711033659.jpg','free',3232,'<p>JSP（全称JavaServer Pages）是由Sun Microsystems公司主导创建的一种动态网页技术标准。JSP部署于网络服务器上，可以响应客户端发送的请求，并根据请求内容动态地生成HTML、XML或其他格式文档的Web网页，然后返回给请求者。JSP技术以Java语言作为脚本语言，为用户的HTTP请求提供服务，并能与服务器上的其它Java程序共同处理复杂的业务需求。</p>\n\n<p><br />\nJSP将Java代码和特定变动内容嵌入到静态的页面中，实现以静态页面为模板，动态生成其中的部分内容。JSP引入了被称为&ldquo;JSP动作&rdquo;的XML标签，用来调用内建功能。另外，可以创建JSP标签库，然后像使用标准HTML或XML标签一样使用它们。标签库能增强功能和服务器性能，而且不受跨平台问题的限制。JSP文件在运行时会被其编译器转换成更原始的Servlet代码。JSP编译器可以把JSP文件编译成用Java代码写的Servlet，然后再由Java编译器来编译成能快速执行的二进制机器码，也可以直接编译成二进制码。</p>\n','<p>一头扎进Jsp&amp;Servlet<br />\n第一章 问候Jsp&amp;Servlet他大爷<br />\n第一节：Jsp概述<br />\n第二节：B/S VS C/S<br />\n第三节：B/S运行原理<br />\n第四节：Tomcat服务器简介及安装<br />\n第二章 Jsp基础语法<br />\n第一节：page指令介绍<br />\n第二节：scriptlet标签<br />\n第三节：Jsp注释<br />\n第四节：Jsp包含指令<br />\n第五节：Jsp跳转指令<br />\n第三章 JSP九大内置对象及四个作用域<br />\n第一节：Jsp九大内置对象及四大作用域概述<br />\n第二节：Jsp四大作用域<br />\n第三节：response对象<br />\n第四节：out对象<br />\n第五节：config对象<br />\n第六节：exception对象<br />\n第七节：pageContext对象<br />\n第四章 JavaBean组件<br />\n第一节：Javabean组件引入<br />\n第二节：jsp:useBean创建javabean<br />\n第三节：jsp:setProperty设置javabean属性值<br />\n第四节：jsp:getProperty获取javabean属性值<br />\n第五节：javabean的保存范围<br />\n第六节：javabean删除<br />\n第五章 Servlet开发<br />\n第一节：servlet引入<br />\n第二节：问候servlet他大爷<br />\n第三节：servlet生命周期<br />\n第四节：客户端跳转VS服务器端跳转<br />\n第五节：Jsp&amp;Servlet用户登录功能实现<br />\n第六节：Servlet过滤器<br />\n第七节：Servlet监听器<br />\n第六章 EL表达式<br />\n第一节：EL表达式简介<br />\n第二节：EL表达式内置对象<br />\n第三节：EL表达式访问4种范围属性<br />\n第四节：EL表达式接收请求参数<br />\n第五节：EL表达式对象操作<br />\n第六节：EL表达式集合操作<br />\n第七节：EL表达式运算符操作<br />\n第七章 Jsp自定义标签<br />\n第一节：Jsp自定义标签简介<br />\n第二节：问候自定义标签他大爷<br />\n第三节：自定义有属性的标签<br />\n第四节：自定义有标签体的标签<br />\n第五节：简单标签<br />\n第八章 Jsp标准标签库<br />\n第一节：JSTL引入<br />\n第二节：问候JSTL他大爷<br />\n第三节：JSTL核心标签库<br />\n第四节：JSTL国际化标签库<br />\n第五节：JSTL SQL标签库<br />\n第六节：JSTL XML标签库<br />\n第七节：JSTL 函数标签库</p>\n','<p>百度云地址：<a href=\"https://pan.baidu.com/s/1bCHluqkAVsj6y8-H0PI67Q\" target=\"_blank\">https://pan.baidu.com/s/1bCHluqkAVsj6y8-H0PI67Q</a></p>\n','https://www.bilibili.com/video/BV1ix411Z7Z8','\0',NULL,'\0',NULL,'\0',NULL,'\0',NULL,2,1),(94,'Bootstrap框架视频教程','20200711033642.jpg','free',42,'<p>Bootstrap是美国Twitter公司的设计师Mark Otto和Jacob Thornton合作基于HTML、CSS、JavaScript 开发的简洁、直观、强悍的前端开发框架，使得 Web 开发更加快捷。Bootstrap提供了优雅的HTML和CSS规范，它即是由动态CSS语言Less写成。Bootstrap一经推出后颇受欢迎，一直是GitHub上的热门开源项目，包括NASA的MSNBC（微软全国广播公司）的Breaking News都使用了该项目。 [1] &nbsp;国内一些移动开发者较为熟悉的框架，如WeX5前端开源框架等，也是基于Bootstrap源码进行性能优化而来。</p>\n','<p>一头扎进Bootstrap<br />\n第一章 问候Bootstrap他大爷<br />\n第一节：Bootstrap简介<br />\n第二节：Bootstrap版HelloWorld实现<br />\n第二章 Bootstrap栅格系统与布局<br />\n第一节：Bootstrap栅格系统<br />\n第二节：Bootstrap布局<br />\n第三章 全局 CSS 样式<br />\n第一节：排版样式<br />\n第二节：代码样式<br />\n第三节：表格样式<br />\n第四节：表单样式<br />\n第五节：按钮样式<br />\n第六节：图片样式<br />\n第七节：辅助类<br />\n第四章 Bootstrap组件<br />\n第一节：Glyphicons 字体图标<br />\n第二节：下拉菜单组件<br />\n第三节：按钮组组件<br />\n第四节：按钮式下拉菜单<br />\n第五节：输入框组<br />\n第六节：导航<br />\n第七节：导航条<br />\n第八节：导航路径<br />\n第九节：分页<br />\n第十节：标签<br />\n第十一节：徽章组件<br />\n第十二节：巨幕组件<br />\n第十三节：页头组件<br />\n第十四节：缩略图组件<br />\n第十五节：警告框组件<br />\n第十六节：进度条组件<br />\n第十七节：媒体对象组件<br />\n第十八节：列表组组件<br />\n第十九节：面板组件<br />\n第二十节：响应式嵌入组件<br />\n第二十一节：Well组件<br />\n第五章 JavaScript插件<br />\n第一节：模态框<br />\n第二节：下拉菜单<br />\n第三节：滚动监听<br />\n第四节：标签页<br />\n第五节：工具提示<br />\n第六节：弹出框<br />\n第七节：警告框<br />\n第八节：按钮组件<br />\n第九节：折叠组件<br />\n第十节：轮播组件<br />\n第十一节：附加导航</p>\n','<p>百度云：<a href=\"https://pan.baidu.com/s/1s_Xswtmq5XuoxprsrldQEw\" target=\"_blank\">https://pan.baidu.com/s/1s_Xswtmq5XuoxprsrldQEw</a></p>\n','https://www.bilibili.com/video/BV1p4411w7GD','\0',NULL,'\0',NULL,'\0',NULL,'\0',NULL,1,1),(95,'Layui框架视频教程','20200711033630.jpg','free',110,'<p>layui（谐音：类UI) 是一款采用自身模块规范编写的前端 UI 框架，遵循原生 HTML/CSS/JS 的书写与组织形式，门槛极低，拿来即用。其外在极简，却又不失饱满的内在，体积轻盈，组件丰盈，从核心代码到 API 的每一处细节都经过精心雕琢，非常适合界面的快速开发。layui 首个版本发布于 2016 年金秋，她区别于那些基于 MVVM 底层的 UI 框架，却并非逆道而行，而是信奉返璞归真之道。准确地说，她更多是为服务端程序员量身定做，你无需涉足各种前端工具的复杂配置，只需面对浏览器本身，让一切你所需要的元素与交互，从这里信手拈来。</p>\n','<p>[www.java1234.com]Layui视频教程<br />\n|____[www.java1234.com]10 Layui视频教程_评分、轮播、流加载、工具集、代码修饰器源码及文档.zip<br />\n|____[www.java1234.com]10 Layui视频教程_评分、轮播、流加载、工具集、代码修饰器.mp4<br />\n|____[www.java1234.com]09 Layui视频教程_数据表格、表单、文件上传源码及文档.zip<br />\n|____[www.java1234.com]09 Layui视频教程_数据表格、表单、文件上传.mp4<br />\n|____[www.java1234.com]08 Layui视频教程_弹出层、日期和时间选择、即时通讯、分页源码及文档.zip<br />\n|____[www.java1234.com]08 Layui视频教程_弹出层、日期和时间选择、即时通讯、分页.mp4<br />\n|____[www.java1234.com]07 Layui视频教程_选项卡、进度条、面板、徽章、时间线、辅助元素源码及文档.zip<br />\n|____[www.java1234.com]07 Layui视频教程_选项卡、进度条、面板、徽章、时间线、辅助元素.mp4<br />\n|____[www.java1234.com]06 Layui视频教程_导航、面包屑.mp4<br />\n|____[www.java1234.com]06 Layui视频教程_Layui导航、面包屑.zip<br />\n|____[www.java1234.com]05 Layui视频教程_动画、按钮、表单.mp4<br />\n|____[www.java1234.com]05 Layui视频教程_Layui动画、按钮、表单.zip<br />\n|____[www.java1234.com]04 Layui视频教程_图标.mp4<br />\n|____[www.java1234.com]04 Layui视频教程_Layui图标.zip<br />\n|____[www.java1234.com]03 Layui视频教程_颜色.mp4<br />\n|____[www.java1234.com]03 Layui视频教程_Layui颜色.zip<br />\n|____[www.java1234.com]02 Layui视频教程_布局.mp4<br />\n|____[www.java1234.com]02 Layui视频教程_Layui布局.zip<br />\n|____[www.java1234.com]01 Layui视频教程_简介以及基本使用源码及文档.zip<br />\n|____[www.java1234.com]01 Layui视频教程_简介以及基本使用.mp4</p>\n','<p>百度云：<a href=\"https://pan.baidu.com/s/18qXPs2XLWZYFvl3rh3Mdyw\" target=\"_blank\">https://pan.baidu.com/s/18qXPs2XLWZYFvl3rh3Mdyw</a></p>\n','https://www.bilibili.com/video/BV174411w7ZM','\0',NULL,'\0',NULL,'\0',NULL,'\0',NULL,1,1),(96,'JavaScript高级篇视频教程','20200711033616.jpg','free',110,'<p>JavaScript（简称&ldquo;JS&rdquo;） 是一种具有函数优先的轻量级，解释型或即时编译型的高级编程语言。虽然它是作为开发Web页面的脚本语言而出名的，但是它也被用到了很多非浏览器环境中，JavaScript 基于原型编程、多范式的动态脚本语言，并且支持面向对象、命令式和声明式（如函数式编程）风格。 [1]&nbsp;<br />\nJavaScript在1995年由Netscape公司的Brendan Eich，在网景导航者浏览器上首次设计实现而成。因为Netscape与Sun合作，Netscape管理层希望它外观看起来像Java，因此取名为JavaScript。但实际上它的语法风格与Self及Scheme较为接近。 [2]&nbsp;<br />\nJavaScript的标准是ECMAScript 。截至 2012 年，所有浏览器都完整的支持ECMAScript 5.1，旧版本的浏览器至少支持ECMAScript 3 标准。2015年6月17日，ECMA国际组织发布了ECMAScript的第六版，该版本正式名称为 ECMAScript 2015，但通常被称为ECMAScript 6 或者ES6。 [1]&nbsp;</p>\n','<p>一头扎进JavaScript(高级篇)<br />\n第一章 Function对象<br />\n第一节：Function对象引入<br />\n第二节：用Function创建方法对象<br />\n第三节：Function对象属性<br />\n第四节：Function对象方法<br />\n第二章 JavaScript闭包<br />\n第一节：Js变量的作用域<br />\n第二节：从外部读取方法内部的局部变量<br />\n第三节：闭包的概念<br />\n第四节：闭包的用途<br />\n第五节：闭包的使用注意点<br />\n第三章 JavaScript面向对象实现<br />\n第一节：面向对象三大特征<br />\n第二节：JavaScript自定义对象<br />\n第三节：JavaScript实现封装特性<br />\n第四节：JavaScript实现继承特性<br />\n第五节：JavaScript实现多态特性</p>\n','<p>百度云地址：<a href=\"https://pan.baidu.com/s/1aqx-4IhAvP_33onZ0J6usg\" target=\"_blank\">https://pan.baidu.com/s/1aqx-4IhAvP_33onZ0J6usg</a></p>\n','https://www.bilibili.com/video/BV1yx411Z7sC','\0',NULL,'\0',NULL,'\0',NULL,'\0',NULL,1,1),(97,'Ajax&Json视频教程','20200711033602.jpg','free',106,'<p>Ajax 即&ldquo;Asynchronous Javascript And XML&rdquo;（异步 JavaScript 和 XML），是指一种创建交互式、快速动态网页应用的网页开发技术，无需重新加载整个网页的情况下，能够更新部分网页的技术。<br />\n通过在后台与服务器进行少量数据交换，Ajax 可以使网页实现异步更新。这意味着可以在不重新加载整个网页的情况下，对网页的某部分进行更新。</p>\n','<p>一头扎进Ajax&amp;Json<br />\n第一章 认识Ajax他大爷<br />\n第一节：Ajax简介<br />\n第二节：Ajax交互与传统交互比较<br />\n第二章 Ajax核心知识<br />\n第一节：XMLHttpRequest 对象创建<br />\n第二节：XMLHttpRequest 对象请求后台<br />\n第三节：XMLHttpRequest 对象响应服务器<br />\n第三章 Json大爷驾到<br />\n第一节：Json引入<br />\n第二节：Json格式语法<br />\n第三节：Json 第三方jar包引入<br />\n第四节：Ajax&amp;Json交互简单实例<br />\n第四章 Ajax交互实例<br />\n第一节：Ajax验证用户名<br />\n第二节：Ajax二级联动</p>\n','<p>百度云地址：<a href=\"https://pan.baidu.com/s/1DpKakHxh8z6u2F11mBd_DQ\" target=\"_blank\">https://pan.baidu.com/s/1DpKakHxh8z6u2F11mBd_DQ</a></p>\n','https://www.bilibili.com/video/BV1ix411Z7UP','\0',NULL,'\0',NULL,'\0',NULL,'\0',NULL,1,1),(98,'Jquery视频教程','20200711033544.jpg','free',108,'<p>jQuery是一个快速、简洁的JavaScript框架，是继Prototype之后又一个优秀的JavaScript代码库（或JavaScript框架）。jQuery设计的宗旨是&ldquo;write Less，Do More&rdquo;，即倡导写更少的代码，做更多的事情。它封装JavaScript常用的功能代码，提供一种简便的JavaScript设计模式，优化HTML文档操作、事件处理、动画设计和Ajax交互。<br />\njQuery的核心特性可以总结为：具有独特的链式语法和短小清晰的多功能接口；具有高效灵活的css选择器，并且可对CSS选择器进行扩展；拥有便捷的插件扩展机制和丰富的插件。jQuery兼容各种主流浏览器，如IE 6.0+、FF 1.5+、Safari 2.0+、Opera 9.0+等。 [1]</p>\n','<p>一头扎进Jquery<br />\n第一章 问候Jquery他大爷<br />\n第一节：Jquery简介<br />\n第二节：问候Jquery他大爷<br />\n第二章 Jquery选择器<br />\n第一节：Jquery选择器介绍<br />\n第二节：基本选择器<br />\n第三节：属性选择器<br />\n第四节：其他选择器<br />\n第三章 Jquery操作DOM<br />\n第一节：Jquery操作DOM节点<br />\n第二节：Jquery操作DOM节点属性<br />\n第三节：Jquery操作DOM节点样式<br />\n第四节：设置和获取HTML，文本和值<br />\n第五节：遍历节点操作<br />\n第六节：Jquery操作DOM节点CSS<br />\n第四章 Jquery事件操作<br />\n第一节：文档加载事件<br />\n第二节：DOM单击、双击事件<br />\n第三节：DOM获得焦点、失去焦点事件<br />\n第四节：DOM鼠标移入，移出事件<br />\n第五章 Jquery动画效果<br />\n第一节：Jquery隐藏与显示DOM<br />\n第二节：Jquery淡入和淡出DOM<br />\n第三节：Jquery滑动DOM<br />\n第四节：Jquery动画<br />\n第五节：Jquery callBack回调方法<br />\n第六节：Jquery暂停动画<br />\n第六章 Jquery Ajax<br />\n第一节：Jquery Ajax简介<br />\n第二节：Jquery Ajax Load方法<br />\n第三节：jquery Ajax Get/Post方法</p>\n','<p>百度云地址：<a href=\"https://pan.baidu.com/s/1uxpXkrXzjk6242TfctyoGg\" target=\"_blank\">https://pan.baidu.com/s/1uxpXkrXzjk6242TfctyoGg</a></p>\n','https://www.bilibili.com/video/BV1ix411Z7au','\0',NULL,'\0',NULL,'\0',NULL,'\0',NULL,1,1),(99,'XML视频教程','20200711033530.jpg','free',106,'<p>XML 指可扩展标记语言</p>\n\n<p>XML 被设计用来传输和存储数据。</p>\n\n<p>在我们的 XML 教程中，你将了解什么是 XML，以及 XML 与 HTML 之间的差异。</p>\n\n<p>XML 很重要，也很容易学习。</p>\n','<p>一头扎进XML<br />\n第一章 XML简介<br />\n第一节：XML简介<br />\n第二节：XML简单示例<br />\n第三节：DTD简介<br />\n第二章 DOM方式解析XML<br />\n第一节：元素VS节点<br />\n第二节：DOM方式解析XML原理<br />\n第三节：DOM方式解析XML示例<br />\n第三章 SAX方式解析XML<br />\n第一节：SAX方式解析XML原理<br />\n第二节：SAX方式解析XML示例<br />\n第四章 Java操作XML利器-JDOM&amp;DOM4J<br />\n第一节：JDOM引入<br />\n第二节：DOM4J引入</p>\n','<p>百度云：<a href=\"https://pan.baidu.com/s/1fmpeGtrggk5VGdTlp98dRA\" target=\"_blank\">https://pan.baidu.com/s/1fmpeGtrggk5VGdTlp98dRA</a></p>\n','https://www.bilibili.com/video/BV1ix411Z7LV','\0',NULL,'\0',NULL,'\0',NULL,'\0',NULL,1,1),(100,'EasyUI框架视频教程','20200711033120.jpg','free',111,'<p>jQuery EasyUI是一组基于jQuery的UI插件集合体，而jQuery EasyUI的目标就是帮助web开发者更轻松的打造出功能丰富并且美观的UI界面。开发者不需要编写复杂的javascript，也不需要对css样式有深入的了解，开发者需要了解的只有一些简单的html标签。</p>\n','<p>一头扎进easyui<br />\n基本组件<br />\nEasyLoader组件<br />\n拖拽组件<br />\n可拽入容器组件<br />\n可缩放容器组件<br />\n分页组件<br />\n搜索框组件<br />\n进度条组件<br />\n提示信息组件<br />\n菜单和按钮组件<br />\n菜单组件<br />\n链接按钮组件<br />\n菜单按钮组件<br />\n分隔按钮组件<br />\n数据表格和树形菜单<br />\n数据表格组件<br />\n属性表格组件<br />\n树形菜单组件<br />\n树形表格组件<br />\n布局组件<br />\n面板组件<br />\n选项卡组件<br />\n可折叠面板组件<br />\n布局组件<br />\n窗体组件<br />\n窗体组件<br />\n对话窗体组件<br />\n消息框组件<br />\n表单组件<br />\n日期框组件<br />\n日期时间框组件<br />\n时间微调器组件<br />\n日历组件<br />\n数字框组件<br />\n数字框微调器组件<br />\n验证框组件<br />\n滑动器组件<br />\n下拉组件<br />\n下拉框组件<br />\n下拉表格组件<br />\n下拉树组件<br />\n表单组件<br />\n与Java后台交互<br />\neasyui普通CRUD(上)<br />\neasyui普通CRUD(下)<br />\neasyui可编辑表格Edatagrid的CRUD<br />\neasyui详细视图Detailview的CRUD</p>\n','<p>百度云：<a href=\"https://pan.baidu.com/s/1M3g-ILmJDzKsdEpsTMibLA\" target=\"_blank\">https://pan.baidu.com/s/1M3g-ILmJDzKsdEpsTMibLA</a></p>\n','https://www.bilibili.com/video/BV1qx411Z7aY','\0',NULL,'\0',NULL,'\0',NULL,'\0',NULL,1,1),(101,'Jsp学生信息管理系统项目教程','20200711033110.jpg','free',108,'<p>免费项目课程。</p>\n\n<p>使用基于MVC的Jsp servlet实现，前端easyui的项目课程；</p>\n\n<p>巩固基础的好项目；</p>\n','<p>Jsp&amp;Servlet入门级项目全程实录<br />\n第一讲：登录功能实现<br />\n第二讲：主界面搭建<br />\n第三讲：班级信息查询实现<br />\n第四讲：批量删除班级信息实现<br />\n第五讲：班级信息添加和修改实现<br />\n第六讲：学生信息查询实现<br />\n第七讲：学生信息查询及删除实现<br />\n第八讲：学生信息添加修改实现</p>\n','<p>百度云：<a href=\"https://pan.baidu.com/s/1mqX_YVJV1Bm_8GukHyR8Hw\" target=\"_blank\">https://pan.baidu.com/s/1mqX_YVJV1Bm_8GukHyR8Hw</a></p>\n','https://www.bilibili.com/video/BV1r4411E7aJ','\0',NULL,'\0',NULL,'\0',NULL,'\0',NULL,2,1),(102,'Java操作Excel之Poi视频教程','20200711033058.jpg','free',106,'<p>Apache POI是Apache软件基金会的开源项目，POI提供API给Java程序对Microsoft Office格式档案读和写的功能。 .NET的开发人员则可以利用NPOI (POI for .NET) 来存取 Microsoft Office文档的功能。</p>\n','<p>Java操作Excel之Poi视频教程<br />\n第一讲：1，Poi简介...<br />\n第二讲：1，创建一个时间格式的单元格...<br />\n第三讲：1，单元格对齐方式...<br />\n第四讲：1，字体处理...<br />\n第五讲：1，自定义easyui图标样式...<br />\n第六讲：1，利用poi技术实现使用模版批量导出数据...<br />\n第七讲：1，下载上传模版...</p>\n','<p>百度云：<a href=\"https://pan.baidu.com/s/1R-ejl-YxCSFvWY5JryCWFA\" target=\"_blank\">https://pan.baidu.com/s/1R-ejl-YxCSFvWY5JryCWFA</a></p>\n','https://www.bilibili.com/video/BV1Lt411w7wp','\0',NULL,'\0',NULL,'\0',NULL,'\0',NULL,6,1),(103,'Java报表之JFreeChart视频教程','20200711033048.jpg','free',104,'<p>JFreeChart截止2011年2月22日为止的相当不错的java图形解决方案，基本能够解决目前的图形方面的需求。<br />\nJFreeChart Java图表库是一个100%免费的开源项目,使开发人员容易专业质量图表显示在他们的应用程序。 JFreeChart广泛的特性包括:<br />\n一致的和证据确凿的API,支持多种图表类型;<br />\n一个灵活的设计,很容易扩展,和目标服务器端和客户端应用程序;<br />\n支持多种输出类型,包括Swing组件、图像文件(包括PNG和JPEG)和矢量图形文件格式(包括PDF、EPS和SVG);<br />\nJFreeChart是&ldquo;开源&rdquo;,或者更具体地说, 自由软件 。 它是分布式的条件下 GNU通用公共许可证 (LGPL),它允许使用专有应用程序。</p>\n','<p>Java报表之JFreeChart视频教程<br />\n第一讲：1，JFreeChart简介...<br />\n第二讲：1，CategoryDataset分类数据集引入...<br />\n第三讲：1，DefaultPieDataset，PiePlot，PiePlot3D引入...<br />\n第四讲：1，TimeSeries，TimeSeriesCollection引入...<br />\n第五讲：Struts2整合JFreeChart</p>\n','<p>百度云：<a href=\"https://pan.baidu.com/s/1t_a4-3t1zbNChcjzUceZhw\" target=\"_blank\">https://pan.baidu.com/s/1t_a4-3t1zbNChcjzUceZhw</a></p>\n','https://www.bilibili.com/video/BV17t411w7cF','\0',NULL,'\0',NULL,'\0',NULL,'\0',NULL,6,1),(104,'JMS之ActiveMQ视频教程','20200711033036.jpg','free',108,'<p>Apache ActiveMQ是Apache软件基金会所研发的开放源代码消息中间件；由于ActiveMQ是一个纯Java程序，因此只需要操作系统支持Java虚拟机，ActiveMQ便可执行。 [1]</p>\n','<p>一头扎进JMS之ActiveMQ<br />\n第一章 JMS及ActiveMQ简介<br />\n第一节：JMS规范简介<br />\n第二节：ActiveMQ简介<br />\n第三节：ActiveMQ开发包下载及运行环境搭建<br />\n第二章 ActiveMQ点对点消息实现<br />\n第一节：直接Receive方式<br />\n第二节：使用Listener监听方式<br />\n第三章 ActiveMQ发布-订阅消息模式实现<br />\n第一节：第一节：发布-订阅消息模式实现</p>\n','<p>百度云地址：<a href=\"https://pan.baidu.com/s/1rFvAjvCbzBHkdiAaxPQEEQ\" target=\"_blank\">https://pan.baidu.com/s/1rFvAjvCbzBHkdiAaxPQEEQ</a></p>\n','https://www.bilibili.com/video/BV17t411w7TH','\0',NULL,'\0',NULL,'\0',NULL,'\0',NULL,6,1),(105,'Maven3视频教程','20200711033025.jpg','free',104,'<p>Maven项目对象模型(POM)，可以通过一小段描述信息来管理项目的构建，报告和文档的项目管理工具软件。<br />\nMaven 除了以程序构建能力为特色之外，还提供高级项目管理工具。由于 Maven 的缺省构建规则有较高的可重用性，所以常常用两三行 Maven 构建脚本就可以构建简单的项目。由于 Maven 的面向项目的方法，许多 Apache Jakarta 项目发文时使用 Maven，而且公司项目采用 Maven 的比例在持续增长。<br />\nMaven这个单词来自于意第绪语（犹太语），意为知识的积累，最初在Jakata Turbine项目中用来简化构建过程。当时有一些项目（有各自Ant build文件），仅有细微的差别，而JAR文件都由CVS来维护。于是希望有一种标准化的方式构建项目，一个清晰的方式定义项目的组成，一个容易的方式发布项目的信息，以及一种简单的方式在多个项目中共享JARs。 [1]</p>\n','<p>一头扎进Maven3<br />\n第一章 问候Maven他大爷<br />\n第一节：Maven简介<br />\n第二节：Maven安装与配置<br />\n第三节：Maven Hello World实现<br />\n第四节：Maven本地仓库迁出C盘<br />\n第二章 在Eclipse中使用Maven<br />\n第一节：m2eclipse插件安装<br />\n第二节：在Eclipse中使用Maven开发HelloWorld<br />\n第三章 Maven核心技术<br />\n第一节：Maven仓库概念<br />\n第二节：Maven依赖特性<br />\n第三节：Maven聚合与继承特性<br />\n第四章 Maven构建Web项目<br />\n第一节：使用Maven构建Web项目<br />\n第五章 Maven生命周期与插件<br />\n第一节：Maven生命周期<br />\n第二节：Maven插件配置</p>\n','<p>百度云下载：<a href=\"https://pan.baidu.com/s/1dr8Ok4jzoWe9bm85nrLhyg\" target=\"_blank\">https://pan.baidu.com/s/1dr8Ok4jzoWe9bm85nrLhyg</a></p>\n','https://www.bilibili.com/video/BV1jt411w72D','\0',NULL,'\0',NULL,'\0',NULL,'\0',NULL,5,1),(106,'Shiro视频教程','20200711033010.jpg','free',107,'<p>Apache Shiro（读作&ldquo;sheeroh&rdquo;，即日语&ldquo;城&rdquo;）是一个开源安全框架，提供身份验证、授权、密码学和会话管理。Shiro框架直观、易用，同时也能提供健壮的安全性。</p>\n','<p>一头扎进Shiro<br />\n第一章 问候Shiro他大爷<br />\n第一节：Shiro简介<br />\n第二节：Shiro HelloWorld实现<br />\n第二章 身份认证<br />\n第一节：Subject认证主体<br />\n第二节：身份认证流程<br />\n第三节：Realm&amp;JDBC Reaml<br />\n第三章 权限认证(授权)<br />\n第一节：权限认证核心要素<br />\n第二节：授权<br />\n第三节：Permissions对权限深入理解<br />\n第四节：授权流程<br />\n第四章 集成Web<br />\n第一节：Shiro集成Web配置<br />\n第二节：Shiro集成Web具体使用<br />\n第三节：Shiro标签使用<br />\n第四节：Shiro会话机制<br />\n第五节：自定义Realm<br />\n第五章 加密<br />\n第一节：shiro加密解密<br />\n第二节：shiro加密应用<br />\n第六章 Shiro支持特性<br />\n第一节：Web支持<br />\n第二节：缓存支持<br />\n第三节：并发支持<br />\n第四节：测试支持<br />\n第五节：&ldquo;Run As&rdquo;支持<br />\n第六节：&ldquo;Remember Me&rdquo;支持<br />\n第七章 Shiro整合Spring<br />\n第一节：shiro整合Spring</p>\n','<p>百度云地址；<a href=\"https://pan.baidu.com/s/1FPKLZXByLmChIHKfhLF0kA\" target=\"_blank\">https://pan.baidu.com/s/1FPKLZXByLmChIHKfhLF0kA</a></p>\n','https://www.bilibili.com/video/BV1jt411w7AP','\0',NULL,'\0',NULL,'\0',NULL,'\0',NULL,2,1),(107,'Lucene5视频教程','20200711033000.jpg','free',5,'<p>Lucene是apache软件基金会4 jakarta项目组的一个子项目，是一个开放源代码的全文检索引擎工具包，但它不是一个完整的全文检索引擎，而是一个全文检索引擎的架构，提供了完整的查询引擎和索引引擎，部分文本分析引擎（英文与德文两种西方语言）。Lucene的目的是为软件开发人员提供一个简单易用的工具包，以方便的在目标系统中实现全文检索的功能，或者是以此为基础建立起完整的全文检索引擎。Lucene是一套用于全文检索和搜寻的开源程式库，由Apache软件基金会支持和提供。Lucene提供了一个简单却强大的应用程式接口，能够做全文索引和搜寻。在Java开发环境里Lucene是一个成熟的免费开源工具。就其本身而言，Lucene是当前以及最近几年最受欢迎的免费Java信息检索程序库。人们经常提到信息检索程序库，虽然与搜索引擎有关，但不应该将信息检索程序库与搜索引擎相混淆。 [1]</p>\n','<p>一头扎进Shiro<br />\n第一章 问候Lucene他大爷<br />\n第一节：Lucene简介<br />\n第二节：Lucene HelloWorld实现<br />\n第二章 构建索引<br />\n第一节：添加文档<br />\n第二节：删除文档<br />\n第三节：修改文档<br />\n第四节：文档域加权<br />\n第三章 搜索功能<br />\n第一节：对特定项搜索<br />\n第二节：查询表达式：QueryParser<br />\n第三节：分页实现<br />\n第四节：其他查询方式<br />\n第四章 中文分词&amp;高亮显示<br />\n第一节：中文分词smartcn<br />\n第二节：检索结果高亮显示实现</p>\n','<p>百度云地址：<a href=\"https://pan.baidu.com/s/15td-79j8U43LCxtcoxQJVw\" target=\"_blank\">https://pan.baidu.com/s/15td-79j8U43LCxtcoxQJVw</a></p>\n','https://www.bilibili.com/video/BV1qt411w7nd','\0',NULL,'\0',NULL,'\0',NULL,'\0',NULL,6,1),(108,'webservice之cxf视频教程','20200711032946.jpg','free',106,'<p>Apache CXF = Celtix + XFire，开始叫 Apache CeltiXfire，后来更名为 Apache CXF 了，以下简称为 CXF。CXF 继承了 Celtix 和 XFire 两大开源项目的精华，提供了对 JAX-WS 全面的支持，并且提供了多种 Binding 、DataBinding、Transport 以及各种 Format 的支持，并且可以根据实际项目的需要，采用代码优先（Code First）或者 WSDL 优先（WSDL First）来轻松地实现 Web Services 的发布和使用。Apache CXF已经是一个正式的Apache顶级项目。</p>\n','<p>WebService之CXF简介<br />\n第一章 问候Lucene他大爷<br />\n第一节：Webservice简介<br />\n第二节：CXF简介<br />\n第二章 使用CXF开发应用<br />\n第一节：使用CXF开发WebService服务器端接口<br />\n第二节：使用CXF开发WebService客户端<br />\n第三节：CXF处理JavaBean以及复合类型<br />\n第四节：CXF处理一些Map等复杂类型<br />\n第五节：CXF添加拦截器<br />\n第六节：CXF添加自定义拦截器<br />\n第三章 Spring整合CXF<br />\n第一节：Spring整合CXF之发布WebService服务<br />\n第二节：Spring整合CXF之添加拦截器</p>\n','<p>百度云地址：<a href=\"https://pan.baidu.com/s/1w3SrwR48L2DsnO2caWcCMg\" target=\"_blank\">https://pan.baidu.com/s/1w3SrwR48L2DsnO2caWcCMg</a></p>\n','https://www.bilibili.com/video/BV1Bt411w7rh','\0',NULL,'\0',NULL,'\0',NULL,'\0',NULL,2,1),(109,'Activiti视频教程','20200711032932.jpg','free',112,'<p>&nbsp; &nbsp; &nbsp; Activiti项目是一项新的基于Apache许可的开源BPM平台，从基础开始构建，旨在提供支持新的BPMN 2.0标准，包括支持对象管理组（OMG），面对新技术的机遇，诸如互操作性和云架构，提供技术实现。</p>\n\n<p><br />\n&nbsp; &nbsp; &nbsp;创始人Tom Baeyens是JBoss jBPM的项目架构师，以及另一位架构师Joram Barrez，一起加入到创建Alfresco这项首次实现Apache开源许可的BPMN 2.0引擎开发中来。</p>\n\n<p><br />\n&nbsp; &nbsp; Activiti是一个独立运作和经营的开源项目品牌，并将独立于Alfresco开源ECM系统运行。 Activiti将是一种轻量级，可嵌入的BPM引擎，而且还设计适用于可扩展的云架构。 Activiti将提供宽松的Apache许可2.0，以便这个项目可以广泛被使用，同时促进Activiti BPM引擎和BPMN 2.0的匹配，该项目现正由OMG通过标准审定。 加入Alfresco Activiti项目的是VMware的SpringSource分支，Alfresco的计划把该项目提交给Apache基础架构，希望吸引更多方面的BPM专家和促进BPM的创新。</p>\n','<p>一头扎进Activiti5<br />\n第一章 问候Activiti5他大爷<br />\n第一节：Activiti简介<br />\n第二节：Activiti HelloWorld实现<br />\n第二章 Activiti流程定义<br />\n第一节：流程定义添加（部署）<br />\n第二节：流程定义查询<br />\n第三节：流程定义删除<br />\n第四节：流程定义的&lsquo;修改&rsquo;<br />\n第三章 Activiti流程实例<br />\n第一节：构建学生请假审批流程<br />\n第二节：执行对象概念<br />\n第三节：判断流程实例状态<br />\n第四节：历史流程实例查询<br />\n第五节：历史活动查询<br />\n第四章 Activiti流程变量<br />\n第一节：流程变量的概念<br />\n第二节：使用TaskService设置和获取流程变量<br />\n第三节：局部流程变量<br />\n第四节：使用RuntimeService设置和获取流程变量<br />\n第五节：完成任务的时候设置流程变量<br />\n第六节：历史流程实例查询<br />\n第五章 Activiti流程控制网关<br />\n第一节：连线<br />\n第二节：排他网关<br />\n第三节：并行网关<br />\n第六章 Activiti任务分配<br />\n第一节：个人任务分配<br />\n第二节：多用户任务分配<br />\n第三节：组任务分配</p>\n','<p>百度云地址：<a href=\"https://pan.baidu.com/s/1t_6-jxK2C3RSkiZkQ_tLug\" target=\"_blank\">https://pan.baidu.com/s/1t_6-jxK2C3RSkiZkQ_tLug</a></p>\n','https://www.bilibili.com/video/BV1qt411w72d','\0',NULL,'\0',NULL,'\0',NULL,'\0',NULL,6,1),(110,'Redis视频教程','20200711032114.jpg','free',116,'<p>Redis（Remote Dictionary Server )，即远程字典服务，是一个开源的使用ANSI C语言编写、支持网络、可基于内存亦可持久化的日志型、Key-Value数据库，并提供多种语言的API。从2010年3月15日起，Redis的开发工作由VMware主持。从2013年5月开始，Redis的开发由Pivotal赞助。</p>\n','<p>一头扎进Redis<br />\n第一章：Redis简介以及安装<br />\n第一节：Redis简介<br />\n第二节：Redis安装<br />\n第二章：Jedis入门实例<br />\n第一节：使用Jedis连接Redis<br />\n第二节：Jedis连接池使用<br />\n第三章：Redis数据结构<br />\n第一节：Redis数据类型介绍<br />\n第二节：Redis数据结构之字符串类型<br />\n第三节：Redis数据结构之哈希类型<br />\n第四节：Redis数据结构之List类型<br />\n第五节：Redis数据结构之Set类型<br />\n第六节：Redis数据结构之sorted-set类型<br />\n第七节：Redis之Keys通用操作<br />\n第四章：Redis持久化<br />\n第一节：Redis持久化介绍<br />\n第二节：Redis的持久化之RDB方式<br />\n第三节：Redis的持久化之AOF方式<br />\n第五章：Redis集群<br />\n第一节：Redis集群概述<br />\n第二节：Redis单机多节点集群<br />\n第三节：Redis多机多节点集群</p>\n','<p>百度云地址：<a href=\"https://pan.baidu.com/s/1lx80PS_qW_ukDxLHJYRaDw\" target=\"_blank\">https://pan.baidu.com/s/1lx80PS_qW_ukDxLHJYRaDw</a></p>\n','https://www.bilibili.com/video/BV1St411w7rj','\0',NULL,'\0',NULL,'\0',NULL,'\0',NULL,3,1),(111,'ElasticSearch视频教程','20200711032100.jpg','free',109,'<p>Elasticsearch是一个基于Lucene的搜索服务器。它提供了一个分布式多用户能力的全文搜索引擎，基于RESTful web接口。Elasticsearch是用Java语言开发的，并作为Apache许可条款下的开放源码发布，是一种流行的企业级搜索引擎。Elasticsearch用于云计算中，能够达到实时搜索，稳定，可靠，快速，安装使用方便。官方客户端在Java、.NET（C#）、PHP、Python、Apache Groovy、Ruby和许多其他语言中都是可用的。根据DB-Engines的排名显示，Elasticsearch是最受欢迎的企业搜索引擎，其次是Apache Solr，也是基于Lucene。</p>\n','<p>一头扎进ElasticSearch<br />\n第一章：ElasticSearch简介以及安装<br />\n第一节：ElasticSearch简介<br />\n第二节：ElasticSearch安装<br />\n第二章：利用Java接口创建索引以及操作文档<br />\n第一节：连接ElasticSearch<br />\n第二节：创建索引<br />\n第三节：创建文档<br />\n第四节：获取文档<br />\n第五节：修改文档<br />\n第六节：删除文档<br />\n第三章：Head插件安装以及使用<br />\n第一节：Head插件安装<br />\n第二节：Head插件添加和删除索引<br />\n第三节：Head插件添加，修改，删除文档<br />\n第四节：Head插件打开和关闭索引<br />\n第五节：Head插件增加索引和删除映射<br />\n第四章：ElasticSearch集群<br />\n第一节：elasticsearch.yml配置文件详解<br />\n第二节：ElasticSearch集群搭建<br />\n第三节：Java连接ElasticSearch集群<br />\n第五章：ElasticSearch查询<br />\n第一节：查询所有数据<br />\n第二节：分页查询<br />\n第三节：排序<br />\n第四节：数据列过滤<br />\n第五节：简单条件查询<br />\n第六节：查询条件高亮显示<br />\n第七节：组合多条件查询<br />\n第六章：ElasticSearch中文分词<br />\n第一节：中文分词插件smartcn安装<br />\n第二节：基于smartcn分词查询<br />\n第三节：基于smartcn多字段分词查询</p>\n','<p>百度云地址：<a href=\"https://pan.baidu.com/s/1wTj-RsHcYVODofnA0O-oAQ\" target=\"_blank\">https://pan.baidu.com/s/1wTj-RsHcYVODofnA0O-oAQ</a></p>\n','https://www.bilibili.com/video/BV1St411w7n8','\0',NULL,'\0',NULL,'\0',NULL,'\0',NULL,3,1),(112,'支付宝在线支付基于java视频教程','20200711032049.jpg','free',135,'<p>支付宝bai在线支付是指卖方与买方du通过网上的电子商务网站进行交易时，支zhi付宝为其dao提供网上资金结算服务的一种业务。</p>\n\n<p>&nbsp;</p>\n\n<p>在线支付是指卖方与买方通过因特网上的电子商务网站进行交易时，银行为其提供网上资金结算服务的一种业务。</p>\n\n<p>在线支付包括了网银支付和第三方支付，而最常用的第三方支付是支付宝、财付通、环迅支付、易宝支付、快钱、网银在线了，其中做为独立网商或有支付业务的网站而言，最常选择的不外乎支付宝、环迅支付、易宝支付、快钱这四家。</p>\n\n<p>&nbsp;</p>\n\n<p>所以，支付宝在线支付是指卖方与买方通过网上的电子商务网站进行交易时，支付宝为其提供网上资金结算服务的一种业务。</p>\n','<p>支付宝在线支付<br />\n支付宝在线支付课程目录<br />\n01_支付宝在线支付视频教程_简介_下载<br />\n02_支付宝在线支付视频教程_开发者入驻_下载<br />\n03_支付宝在线支付视频教程_在线支付流程_下载<br />\n04_支付宝在线支付视频教程_数字签名_下载<br />\n05_支付宝在线支付视频教程_支付宝官方Demo运行<br />\n06_支付宝在线支付视频教程_支付宝沙箱环境配置<br />\n07_支付宝在线支付视频教程_支付宝支付接口讲解<br />\n08_支付宝在线支付视频教程_同步通知returnUrl_下载<br />\n09_支付宝在线支付视频教程_异步通知notifyUrl_下载<br />\n10_支付宝在线支付视频教程_支付宝交易查询_下载<br />\n11_支付宝在线支付视频教程_支付退款_下载<br />\n12_支付宝在线支付视频教程_退款查询_下载<br />\n13_支付宝在线支付视频教程_交易关闭_下载</p>\n','<p>关注java1234公众号 回复&nbsp; <strong>支付宝支付</strong>&nbsp; 获取 视频教程和源码</p>\n\n<p><img alt=\"\" src=\"http://java1234.vip/articleImages/20200708033832.jpg\" /></p>\n','https://www.bilibili.com/video/BV1xx411o7L6','\0',NULL,'\0',NULL,'\0',NULL,'\0',NULL,6,1),(113,'微信在线支付基于java视频教程','20200711032039.jpg','free',113,'<p>微信支付是指卖方与买方通过网上的电子商务网站进行交易时，微信为其提供网上资金结算服务的一种业务。</p>\n\n<p>&nbsp;</p>\n\n<p>在线支付是指卖方与买方通过因特网上的电子商务网站进行交易时，银行为其提供网上资金结算服务的一种业务。</p>\n\n<p>在线支付包括了网银支付和第三方支付，而最常用的第三方支付是支付宝、微信、财付通、环迅支付、易宝支付、快钱、网银在线了，其中做为独立网商或有支付业务的网站而言，最常选择的不外乎支付宝、环迅支付、易宝支付、快钱这四家。</p>\n\n<p>&nbsp;</p>\n\n<p>所以，微信在线支付是指卖方与买方通过网上的电子商务网站进行交易时，微信为其提供网上资金结算服务的一种业务。</p>\n','<p>微信在线支付<br />\n01_微信在线支付视频教程_简介及申请_下载<br />\n02_微信在线支付视频教程_API简介及测试环境搭建_下载<br />\n03_请求支付接口PC端显示支付二维码_下载<br />\n04_异步请求处理notify_url_下载<br />\n05_同步跳转returnUrl_下载<br />\n06_查询订单接口调用_下载<br />\n07_关闭订单接口调用_下载<br />\n08_申请退款接口调用_下载<br />\n09_退款查询接口调用_下载<br />\n10_下载对账单接口调用_下载<br />\n11_下载资金账单接口调用_下载<br />\n12_微信HTML5在线支付_下载</p>\n','<p>关注java1234公众号 回复&nbsp; <strong>微信支付</strong> 获取 视频教程和源码</p>\n\n<p><img alt=\"\" src=\"http://java1234.vip/articleImages/20200708033832.jpg\" /></p>\n','https://www.bilibili.com/video/BV1sx411o7Y6','\0',NULL,'\0',NULL,'\0',NULL,'\0',NULL,6,1),(114,'Struts2视频教程','20200711032029.jpg','free',106,'<p>Struts2是一个基于MVC设计模式的Web应用框架，它本质上相当于一个servlet，在MVC设计模式中，Struts2作为控制器(Controller)来建立模型与视图的数据交互。Struts 2是Struts的下一代产品，是在 struts 1和WebWork的技术基础上进行了合并的全新的Struts 2框架。其全新的Struts 2的体系结构与Struts 1的体系结构差别巨大。Struts 2以WebWork为核心，采用拦截器的机制来处理用户的请求，这样的设计也使得业务逻辑控制器能够与ServletAPI完全脱离开，所以Struts 2可以理解为WebWork的更新产品。虽然从Struts 1到Struts 2有着太大的变化，但是相对于WebWork，Struts 2的变化很小。</p>\n','<p>一头扎进Struts2<br />\n第一章 问候Struts2他大爷<br />\n第一节：Struts2简介<br />\n第二节：Struts2 HelloWorld<br />\n第三节：Struts2原理介绍<br />\n第二章 Struts2核心知识<br />\n第一节：Struts2 get/set自动获取/设置数据<br />\n第二节：ActionSupport类引入<br />\n第三节：Action设置数据<br />\n第四节：Struts2处理传入多个值<br />\n第五节：struts.xml配置<br />\n第六节：动态方法调用<br />\n第七节：Action生命周期<br />\n第八节：result配置<br />\n第三章 Struts2拦截器<br />\n第一节：拦截器简介<br />\n第二节：Struts2预定义拦截器&amp;拦截器栈<br />\n第三节：自定义拦截器简单实例一<br />\n第四节：自定义拦截器-登录验证拦截器<br />\n第四章 值栈与OGNL<br />\n第一节：值栈简介<br />\n第二节：OGNL引入<br />\n第三节：OGNL访问复杂对象<br />\n第四节：OGNL访问静态方法和属性<br />\n第五章 Struts2标签<br />\n第一节：Struts2标签简介<br />\n第二节：Struts2数据标签<br />\n第三节：Struts2控制标签<br />\n第四节：Strut2界面标签<br />\n第五节：其他标签<br />\n第六章 Struts2国际化<br />\n第一节：国际化简介<br />\n第二节：Struts2国际化设置<br />\n第三节：Struts2原理介绍<br />\n第七章 Struts2验证框架<br />\n第一节：Struts2验证简介<br />\n第二节：Struts2内置验证<br />\n第三节：自定义验证<br />\n第八章 Struts2文件上传和下载<br />\n第一节：Struts2文件上传<br />\n第二节：配置文件的大小及类型<br />\n第三节：大文件上传<br />\n第四节：多文件上传<br />\n第五节：Struts2文件下载<br />\n第九章 Struts2防重复提交<br />\n第一节：重复提交示例演示<br />\n第二节：使用标签防重复提交<br />\n第三节：使用tokenSession拦截器防重复提交</p>\n','<p>百度云地址：<a href=\"https://pan.baidu.com/s/1Gmw6e7OdaVxiWCEKqgSuxg\" target=\"_blank\">https://pan.baidu.com/s/1Gmw6e7OdaVxiWCEKqgSuxg</a></p>\n\n<p>&nbsp;</p>\n','https://www.bilibili.com/video/BV1bt411A7LX','\0',NULL,'\0',NULL,'\0',NULL,'\0',NULL,2,1),(115,'Hibernate4视频教程','20200711032015.jpg','free',103,'<p>Hibernate是一个开放源代码的对象关系映射框架，它对JDBC进行了非常轻量级的对象封装，它将POJO与数据库表建立映射关系，是一个全自动的orm框架，hibernate可以自动生成SQL语句，自动执行，使得Java程序员可以随心所欲的使用对象编程思维来操纵数据库。 Hibernate可以应用在任何使用JDBC的场合，既可以在Java的客户端程序使用，也可以在Servlet/JSP的Web应用中使用，最具革命意义的是，Hibernate可以在应用EJB的JaveEE架构中取代CMP，完成数据持久化的重任。</p>\n','<p>一头扎进Hibernate4<br />\n第一章 问候Hibernate4他大爷<br />\n第一节：Hibernate简介<br />\n第二节：Hibernate4版Hello World实现<br />\n第二章 Hibernate4 CRUD体验<br />\n第一节：HibernateUtil封装<br />\n第二节：XML版CRUD实现<br />\n第三节：注解版CRUD实现<br />\n第四节：Junit4单元测试框架引入<br />\n第三章 映射对象标识符(OID)<br />\n第一节：Hibernate用对象标识符(OID)来区分对象<br />\n第二节：Hibernate对象标识符生成策略<br />\n第四章 关联关系一对多映射<br />\n第一节：班级学生一对多映射实现（单向）<br />\n第二节：Junit4方法详解<br />\n第三节：级联保存更新<br />\n第四节：班级学生一对多映射实现（双向）<br />\n第五节：inverse属性<br />\n第六节：级联删除<br />\n第七节：一对多双向自身关联关系映射<br />\n第五章 Hibernate操作对象<br />\n第一节：Hibernate中四种对象状态<br />\n第二节：Session常用方法讲解<br />\n第六章 Hibernate映射类型<br />\n第一节：基本类型映射<br />\n第二节：集合类型映射<br />\n第七章 Hibernate映射继承<br />\n第一节：每个具体类对应一个表<br />\n第二节：根类对应一个表<br />\n第三节：每个类对应一个表<br />\n第八章 Hibernate映射关系<br />\n第一节：Hibernate一对一映射关系实现<br />\n第二节：Hibernate多对多映射关系实现<br />\n第九章 Hibernate检索策略<br />\n第一节：检索策略属性Lazy<br />\n第二节：检索策略属性batch-size<br />\n第三节：检索策略属性Fetch<br />\n第十章 Hibernate查询方式<br />\n第一节：Hibernate查询方式简介<br />\n第二节：本地SQL查询方式<br />\n第三节：HQL查询方式<br />\n第四节：QBC查询方式<br />\n第十一章 Hibernate高级配置<br />\n第一节：配置数据库连接池<br />\n第二节：配置日志框架Log4J<br />\n第三节：配置Hibernate二级缓存</p>\n','<p>百度云地址：<a href=\"https://pan.baidu.com/s/1363kr95qstxh8IWU3hIbDQ\" target=\"_blank\">https://pan.baidu.com/s/1363kr95qstxh8IWU3hIbDQ</a></p>\n','https://www.bilibili.com/video/BV1tt411A7bv','\0',NULL,'\0',NULL,'\0',NULL,'\0',NULL,2,1),(116,'Spring4视频教程','20200711031938.jpg','free',108,'<p>Spring框架是一个开放源代码的J2EE应用程序框架，由Rod Johnson发起，是针对bean的生命周期进行管理的轻量级容器（lightweight container）。 Spring解决了开发者在J2EE开发中遇到的许多常见的问题，提供了功能强大IOC、AOP及Web MVC等功能。Spring可以单独应用于构筑应用程序，也可以和Struts、Webwork、Tapestry等众多Web框架组合使用，并且可以与 Swing等桌面应用程序AP组合。因此， Spring不仅仅能应用于JEE应用程序之中，也可以应用于桌面应用程序以及小应用程序之中。Spring框架主要由七部分组成，分别是 Spring Core、 Spring AOP、 Spring ORM、 Spring DAO、Spring Context、 Spring Web和 Spring Web MVC。 [1]</p>\n','<p>一头扎进Spring4<br />\n第一章 问候Spring4他大爷<br />\n第一节：Spring简介<br />\n第二节：Spring4版Hello World实现<br />\n第二章 Spring之IOC详解<br />\n第一节：spring ioc简介<br />\n第二节：spring ioc实例讲解<br />\n第三节：装配一个bean<br />\n第四节：依赖注入<br />\n第五节：注入参数<br />\n第六节：Spring自动装配<br />\n第七节：方法注入<br />\n第八节：方法替换<br />\n第九节：bean之间的关系<br />\n第十节：bean作用范围<br />\n第三章 Spring之AOP详解<br />\n第一节：AOP简介<br />\n第二节：Spring AOP实例<br />\n第四章 Spring对DAO的支持<br />\n第一节：Spring对JDBC的支持<br />\n第二节：Spring对Hibernate的支持<br />\n第五章 Spring对事务的支持<br />\n第一节：事务简介<br />\n第二节：编程式事务管理<br />\n第三节：声明式事务管理<br />\n第四节：事务传播行为<br />\n第六章 Spring4整合Hibernate4，Struts2<br />\n第一节：S2SH整合所需Jar包<br />\n第二节：Spring4整合Hibernate4<br />\n第三节：Spring4整合Struts2<br />\n第四节：S2SH实例测试</p>\n','<p>百度云地址：<a href=\"https://pan.baidu.com/s/1SZthUPWjnefsP8IKiWU5og\" target=\"_blank\">https://pan.baidu.com/s/1SZthUPWjnefsP8IKiWU5og</a></p>\n','https://www.bilibili.com/video/BV1ft411F7zs','\0',NULL,'\0',NULL,'\0',NULL,'\0',NULL,2,1),(117,'SpringMvc视频教程','20200711031928.jpg','free',110,'<p>Spring MVC属于SpringFrameWork的后续产品，已经融合在Spring Web Flow里面。Spring 框架提供了构建 Web 应用程序的全功能 MVC 模块。使用 Spring 可插入的 MVC 架构，从而在使用Spring进行WEB开发时，可以选择使用Spring的Spring MVC框架或集成其他MVC开发框架，如Struts1(现在一般不用)，Struts 2(一般老项目使用)等等。</p>\n','<p>一头扎进SpringMvc<br />\n第一章 问候SpringMVC他大爷<br />\n第一节：SpringMVC简介<br />\n第二节：SpringMVC版HelloWorld实现<br />\n第二章 SpringMVC控制器<br />\n第一节：@RequestMapping请求映射<br />\n第二节：@RequestParam请求参数<br />\n第三节：ModelAndView返回模型和视图<br />\n第四节：SpringMVC 对象属性自动封装<br />\n第五节：SpringMVC POST请求乱码解决<br />\n第六节：Controller内部转发和重定向<br />\n第七节：SpringMvc对Servlet API的支持<br />\n第八节：SpringMvc对Json的支持<br />\n第三章 Rest风格的资源URL<br />\n第一节：Restful风格的资源URL简介<br />\n第二节：SpringMvc对Rest风格的支持<br />\n第三节：@PathVariable获取Url变量<br />\n第四节：SpringMvc对静态资源的处理<br />\n第四章 SpringMvc文件上传<br />\n第一节：SpringMvc单文件上传<br />\n第二节：SpringMvc多文件上传</p>\n','<p>百度云下载：<a href=\"https://pan.baidu.com/s/1y0RZnlsyyyNVsWQ4HcZ4_Q\" target=\"_blank\">https://pan.baidu.com/s/1y0RZnlsyyyNVsWQ4HcZ4_Q</a></p>\n','https://www.bilibili.com/video/BV1ft411F7gR','\0',NULL,'\0',NULL,'\0',NULL,'\0',NULL,2,1),(118,'MyBatis3视频教程','20200711031912.jpg','free',106,'<p>MyBatis 本是apache的一个开源项目iBatis, 2010年这个项目由apache software foundation 迁移到了google code，并且改名为MyBatis 。2013年11月迁移到Github。<br />\niBATIS一词来源于&ldquo;internet&rdquo;和&ldquo;abatis&rdquo;的组合，是一个基于Java的持久层框架。iBATIS提供的持久层框架包括SQL Maps和Data Access Objects（DAOs）<br />\n当前，最新版本是MyBatis 3.5.4 ，其发布时间是2020年2月4日。</p>\n','<p>一头扎进MyBatis3<br />\n第一章 问候MyBatis他大爷<br />\n第一节：MyBatis简介<br />\n第二节：MyBatis版HelloWorld实现<br />\n第二章 MyBatis项目配置<br />\n第一节：environments<br />\n第二节：transactionManager<br />\n第三节：dataSource<br />\n第四节：properties<br />\n第五节：typeAliases<br />\n第六节：mappers<br />\n第七节：配置Log4j日志<br />\n第三章 使用XML配置SQL映射器<br />\n第一节：INSERT映射语句<br />\n第二节：UPDATE映射语句<br />\n第三节：DELETE映射语句<br />\n第四节：SELECT映射语句<br />\n第四章 MyBatis关系映射<br />\n第一节：一对一关系实现<br />\n第二节：一对多关系实现<br />\n第五章 动态SQL<br />\n第一节：if条件<br />\n第二节：choose，when和otherwise条件<br />\n第三节：where条件<br />\n第四节：trim条件<br />\n第五节：foreach循环<br />\n第六节：set条件<br />\n第六章 Mybatis杂项<br />\n第一节：处理CLOB、BLOB类型数据<br />\n第二节：传入多个输入参数<br />\n第三节：Mybatis分页<br />\n第四节：Mybatis缓存<br />\n第七章 使用注解配置SQL映射器<br />\n第一节：基本映射语句<br />\n第二节：结果集映射语句<br />\n第三节：关系映射<br />\n第四节：动态SQL<br />\n第八章 Mybatis与Spring，SpringMvc整合<br />\n第一节：Spring与SpringMvc整合<br />\n第二节：Spring与Mybatis整合</p>\n','<p>百度云地址：<a href=\"https://pan.baidu.com/s/1HDWHGYAmzXZ4GBl9nyZN6Q\" target=\"_blank\">https://pan.baidu.com/s/1HDWHGYAmzXZ4GBl9nyZN6Q</a></p>\n','https://www.bilibili.com/video/BV1Zt411F7zj','\0',NULL,'\0',NULL,'\0',NULL,'\0',NULL,2,1),(119,'SpringBoot快速入门视频教程','20200711031852.jpg','free',116,'<p>Spring Boot是由Pivotal团队提供的全新框架，其设计目的是用来简化新Spring应用的初始搭建以及开发过程。该框架使用了特定的方式来进行配置，从而使开发人员不再需要定义样板化的配置。通过这种方式，Spring Boot致力于在蓬勃发展的快速应用开发领域(rapid application development)成为领导者。</p>\n','<p>一头扎进SpringBoot<br />\n第一章：问候SpringBoot他大爷<br />\n第一节：SpringBoot简介<br />\n第二节：STS插件安装<br />\n第三节：SpringBoot HelloWorld实现<br />\n第二章：SpringBoot项目属性配置<br />\n第一节：项目内置属性<br />\n第二节：自定义属性<br />\n第三节：ConfigurationProperties配置<br />\n第三章：SpringBoot之MVC支持<br />\n第一节：@RequestMapping配置url映射<br />\n第二节：@Controller处理http请求<br />\n第三节：@RestController处理ajax请求<br />\n第四节：@PathVariable获取url参数<br />\n第五节：@RequestParam获取请求参数<br />\n第四章：SpringBoot之Spring Data Jpa支持<br />\n第一节：Spring Data Jpa简介<br />\n第二节：Spring Data Jpa基本crud实现<br />\n第三节：自定义查询@Query<br />\n第四节：动态查询Specification使用<br />\n第五章：SpringBoot之事务管理<br />\n第一节：SpringBoot之事物管理@Transactional<br />\n第六章：SpringBoot之表单验证<br />\n第一节：SpringBoot之表单验证@Valid<br />\n第七章：SpringBoot之切面AOP<br />\n第一节：SpringBoot之切面AOP</p>\n','<p>百度云地址：<a href=\"https://pan.baidu.com/s/11YEIvdfPQcik--EDSvEv2g\" target=\"_blank\">https://pan.baidu.com/s/11YEIvdfPQcik--EDSvEv2g</a></p>\n','https://www.bilibili.com/video/BV1Ft411c7xP','\0',NULL,'\0',NULL,'\0',NULL,'\0',NULL,2,1),(120,'Oracle 11g视频教程','20200711020909.jpg','free',114,'<p>Oracle Database，又名Oracle RDBMS，或简称Oracle。是甲骨文公司的一款关系数据库管理系统。它是在数据库领域一直处于领先地位的产品。可以说Oracle数据库系统是目前世界上流行的关系数据库管理系统，系统可移植性好、使用方便、功能强，适用于各类大、中、小、微机环境。它是一种高效率、可靠性好的、适应高吞吐量的数据库方案。</p>\n','<p>[www.java1234.com]Oracle 11g视频教程<br />\n|____[www.java1234.com]《一头扎进Oracle 11g》第一讲源码及文档.zip<br />\n|____[www.java1234.com]《一头扎进Oracle 11g》第一讲.mp4<br />\n|____[www.java1234.com]《一头扎进Oracle 11g》第五讲源码及文档.zip<br />\n|____[www.java1234.com]《一头扎进Oracle 11g》第五讲.mp4<br />\n|____[www.java1234.com]《一头扎进Oracle 11g》第四讲源码及文档.zip<br />\n|____[www.java1234.com]《一头扎进Oracle 11g》第四讲.mp4<br />\n|____[www.java1234.com]《一头扎进Oracle 11g》第十一讲源码及文档.zip<br />\n|____[www.java1234.com]《一头扎进Oracle 11g》第十一讲.mp4<br />\n|____[www.java1234.com]《一头扎进Oracle 11g》第十五讲源码及文档.zip<br />\n|____[www.java1234.com]《一头扎进Oracle 11g》第十五讲.mp4<br />\n|____[www.java1234.com]《一头扎进Oracle 11g》第十四讲源码及文档.zip<br />\n|____[www.java1234.com]《一头扎进Oracle 11g》第十四讲.mp4<br />\n|____[www.java1234.com]《一头扎进Oracle 11g》第十三讲源码及文档.zip<br />\n|____[www.java1234.com]《一头扎进Oracle 11g》第十三讲.mp4<br />\n|____[www.java1234.com]《一头扎进Oracle 11g》第十七讲源码及文档.zip<br />\n|____[www.java1234.com]《一头扎进Oracle 11g》第十七讲.mp4<br />\n|____[www.java1234.com]《一头扎进Oracle 11g》第十六讲源码及文档.zip<br />\n|____[www.java1234.com]《一头扎进Oracle 11g》第十六讲.mp4<br />\n|____[www.java1234.com]《一头扎进Oracle 11g》第十讲源码及文档.zip<br />\n|____[www.java1234.com]《一头扎进Oracle 11g》第十讲.mp4<br />\n|____[www.java1234.com]《一头扎进Oracle 11g》第十二讲源码及文档.zip<br />\n|____[www.java1234.com]《一头扎进Oracle 11g》第十二讲.mp4<br />\n|____[www.java1234.com]《一头扎进Oracle 11g》第三讲源码及文档.zip<br />\n|____[www.java1234.com]《一头扎进Oracle 11g》第三讲.mp4<br />\n|____[www.java1234.com]《一头扎进Oracle 11g》第七讲源码及文档.zip<br />\n|____[www.java1234.com]《一头扎进Oracle 11g》第七讲.mp4<br />\n|____[www.java1234.com]《一头扎进Oracle 11g》第六讲源码及文档.zip<br />\n|____[www.java1234.com]《一头扎进Oracle 11g》第六讲.mp4<br />\n|____[www.java1234.com]《一头扎进Oracle 11g》第九讲源码及文档.zip<br />\n|____[www.java1234.com]《一头扎进Oracle 11g》第九讲.mp4<br />\n|____[www.java1234.com]《一头扎进Oracle 11g》第二讲源码及文档.zip<br />\n|____[www.java1234.com]《一头扎进Oracle 11g》第二讲.mp4<br />\n|____[www.java1234.com]《一头扎进Oracle 11g》第八讲源码及文档.zip<br />\n|____[www.java1234.com]《一头扎进Oracle 11g》第八讲.mp4</p>\n','<p>百度云地址：<a href=\"https://pan.baidu.com/s/1_FfvMQMAe3s2V6XCdA39qw\" target=\"_blank\">https://pan.baidu.com/s/1_FfvMQMAe3s2V6XCdA39qw</a></p>\n','https://www.bilibili.com/video/BV1xt411T7No','\0',NULL,'\0',NULL,'\0',NULL,'\0',NULL,3,1),(121,'Centos视频教程','20200711020900.jpg','free',111,'<p>CentOS（Community Enterprise Operating System，中文意思是社区企业操作系统）是Linux发行版之一，它是来自于Red Hat Enterprise Linux依照开放源代码规定释出的源代码所编译而成。由于出自同样的源代码，因此有些要求高度稳定性的服务器以CentOS替代商业版的Red Hat Enterprise Linux使用。两者的不同，在于CentOS完全开源。</p>\n','<p>[www.java1234.com]一头扎进Centos7视频教程<br />\n|____[www.java1234.com]《一头扎进Centos7》第一讲源码及文档.zip<br />\n|____[www.java1234.com]《一头扎进Centos7》第一讲.mp4<br />\n|____[www.java1234.com]《一头扎进Centos7》第五讲源码及文档.zip<br />\n|____[www.java1234.com]《一头扎进Centos7》第五讲.mp4<br />\n|____[www.java1234.com]《一头扎进Centos7》第四讲源码及文档.zip<br />\n|____[www.java1234.com]《一头扎进Centos7》第四讲.mp4<br />\n|____[www.java1234.com]《一头扎进Centos7》第三讲源码及文档.zip<br />\n|____[www.java1234.com]《一头扎进Centos7》第三讲.mp4<br />\n|____[www.java1234.com]《一头扎进Centos7》第七讲源码及文档.zip<br />\n|____[www.java1234.com]《一头扎进Centos7》第七讲.mp4<br />\n|____[www.java1234.com]《一头扎进Centos7》第六讲源码及文档.zip<br />\n|____[www.java1234.com]《一头扎进Centos7》第六讲.mp4<br />\n|____[www.java1234.com]《一头扎进Centos7》第九讲源码及文档.zip<br />\n|____[www.java1234.com]《一头扎进Centos7》第九讲.mp4<br />\n|____[www.java1234.com]《一头扎进Centos7》第二讲源码及文档.zip<br />\n|____[www.java1234.com]《一头扎进Centos7》第二讲.mp4<br />\n|____[www.java1234.com]《一头扎进Centos7》第八讲源码及文档.zip<br />\n|____[www.java1234.com]《一头扎进Centos7》第八讲.mp4</p>\n','<p>百度云地址：<a href=\"https://pan.baidu.com/s/1BlSW5FtkBqtdRmkIHl9YXA\" target=\"_blank\">https://pan.baidu.com/s/1BlSW5FtkBqtdRmkIHl9YXA</a></p>\n','https://www.bilibili.com/video/BV1st411T7ko','\0',NULL,'\0',NULL,'\0',NULL,'\0',NULL,4,1),(122,'Dubbo微服务视频教程','20200711020852.jpg','free',116,'<p>Dubbo(读音[ˈdʌbəʊ])是阿里巴巴公司开源的一个高性能优秀的服务框架，使得应用可通过高性能的 RPC 实现服务的输出和输入功能，可以和 [1] &nbsp;Spring框架无缝集成。<br />\nDubbo是一款高性能、轻量级的开源Java RPC框架，它提供了三大核心能力：面向接口的远程方法调用，智能容错和负载均衡，以及服务自动注册和发现。</p>\n','<p>一头扎进Dubbo<br />\nDubbo视频目录<br />\n第一节：Dubbo简介<br />\n第二节：zookeeper安装<br />\n第三节：发布Dubbo服务<br />\n第四节：Dubbo Admin管理控制台<br />\n第五节：消费Dubbo服务<br />\n第六节：接口抽取及依赖版本统一<br />\n第七节：dubbo服务集群实现负载均衡</p>\n','<p>百度云地址：<a href=\"https://pan.baidu.com/s/1_r1sudvMcBAWhWX3B9X9Vg\" target=\"_blank\">https://pan.baidu.com/s/1_r1sudvMcBAWhWX3B9X9Vg</a></p>\n','https://www.bilibili.com/video/BV1st411T7SQ','\0',NULL,'\0',NULL,'\0',NULL,'\0',NULL,7,1),(123,'SpringCloud微服务视频教程','20200711020842.jpg','free',127,'<p>Spring Cloud是一系列框架的有序集合。它利用Spring Boot的开发便利性巧妙地简化了分布式系统基础设施的开发，如服务发现注册、配置中心、消息总线、负载均衡、断路器、数据监控等，都可以用Spring Boot的开发风格做到一键启动和部署。Spring Cloud并没有重复制造轮子，它只是将各家公司开发的比较成熟、经得起实际考验的服务框架组合起来，通过Spring Boot风格进行再封装屏蔽掉了复杂的配置和实现原理，最终给开发者留出了一套简单易懂、易部署和易维护的分布式系统开发工具包。</p>\n','<p>[www.java1234.com]SpringCloud视频教程<br />\n|____[www.java1234.com]32 SpringCloud视频教程_Config配置搜索路径源码及文档.zip<br />\n|____[www.java1234.com]32 SpringCloud视频教程_Config配置搜索路径.mp4<br />\n|____[www.java1234.com]31 SpringCloud视频教程_Config整合Eureka源码及文档.zip<br />\n|____[www.java1234.com]31 SpringCloud视频教程_Config整合Eureka.mp4<br />\n|____[www.java1234.com]30 SpringCloud视频教程_Config Client基本使用源码及文档.zip<br />\n|____[www.java1234.com]30 SpringCloud视频教程_Config Client基本使用.mp4<br />\n|____[www.java1234.com]29 SpringCloud视频教程_Config Server基本使用源码及文档.zip<br />\n|____[www.java1234.com]29 SpringCloud视频教程_Config Server基本使用.mp4<br />\n|____[www.java1234.com]28 SpringCloud视频教程_Config介绍.mp4<br />\n|____[www.java1234.com]27 SpringCloud视频教程_Zuul 请求过滤配置.zip<br />\n|____[www.java1234.com]27 SpringCloud视频教程_Zuul 请求过滤配置.mp4<br />\n|____[www.java1234.com]26 SpringCloud视频教程_Zuul 路由映射规则配置.zip<br />\n|____[www.java1234.com]26 SpringCloud视频教程_Zuul 路由映射规则配置.mp4<br />\n|____[www.java1234.com]25 SpringCloud视频教程_Zuul 路由配置源码及文档.zip<br />\n|____[www.java1234.com]25 SpringCloud视频教程_Zuul 路由配置.mp4<br />\n|____[www.java1234.com]24 SpringCloud视频教程_Zuul API路由网关服务简介源码及文档.zip<br />\n|____[www.java1234.com]24 SpringCloud视频教程_Zuul API路由网关服务简介.mp4<br />\n|____[www.java1234.com]23 SpringCloud视频教程_Feign Hystrix整合之超时时间配置源码及文档.zip<br />\n|____[www.java1234.com]23 SpringCloud视频教程_Feign Hystrix整合之超时时间配置.mp4<br />\n|____[www.java1234.com]22 SpringCloud视频教程_Feign Hystrix整合&amp;服务熔断服务降级彻底解耦源码及文档.zip<br />\n|____[www.java1234.com]22 SpringCloud视频教程_Feign Hystrix整合&amp;服务熔断服务降级彻底解耦.mp4<br />\n|____[www.java1234.com]21 SpringCloud视频教程_Hystrix集群监控turbine源码及文档.zip<br />\n|____[www.java1234.com]21 SpringCloud视频教程_Hystrix集群监控turbine.mp4<br />\n|____[www.java1234.com]20 SpringCloud视频教程_Hystrix服务监控Dashboard源码及文档.zip<br />\n|____[www.java1234.com]20 SpringCloud视频教程_Hystrix服务监控Dashboard.mp4<br />\n|____[www.java1234.com]19 SpringCloud视频教程_Hystrix默认超时时间设置源码及文档.zip<br />\n|____[www.java1234.com]19 SpringCloud视频教程_Hystrix默认超时时间设置.mp4<br />\n|____[www.java1234.com]18 SpringCloud视频教程_Hystrix服务熔断服务降级源码及文档.zip<br />\n|____[www.java1234.com]18 SpringCloud视频教程_Hystrix服务熔断服务降级.mp4<br />\n|____[www.java1234.com]17 SpringCloud视频教程_服务雪崩效应源码及文档.zip<br />\n|____[www.java1234.com]17 SpringCloud视频教程_服务雪崩效应.mp4<br />\n|____[www.java1234.com]16 SpringCloud视频教程_Hystrix断路器简介源码及文档.zip<br />\n|____[www.java1234.com]16 SpringCloud视频教程_Hystrix断路器简介.mp4<br />\n|____[www.java1234.com]15 SpringCloud视频教程_Feign应用.zip<br />\n|____[www.java1234.com]15 SpringCloud视频教程_Feign应用.mp4<br />\n|____[www.java1234.com]14 SpringCloud视频教程_Feign介绍源码及文档.zip<br />\n|____[www.java1234.com]14 SpringCloud视频教程_Feign介绍.mp4<br />\n|____[www.java1234.com]13 SpringCloud视频教程_Ribbon负载均衡源码及文档.zip<br />\n|____[www.java1234.com]13 SpringCloud视频教程_Ribbon负载均衡.mp4<br />\n|____[www.java1234.com]12 SpringCloud视频教程_Ribbon初步应用源码及文档.zip<br />\n|____[www.java1234.com]12 SpringCloud视频教程_Ribbon初步应用.mp4<br />\n|____[www.java1234.com]11 SpringCloud视频教程_Ribbon简介源码及文档.zip<br />\n|____[www.java1234.com]11 SpringCloud视频教程_Ribbon简介.mp4<br />\n|____[www.java1234.com]10 SpringCloud视频教程_Eureka自我保护机制源码及文档.zip<br />\n|____[www.java1234.com]10 SpringCloud视频教程_Eureka自我保护机制.mp4<br />\n|____[www.java1234.com]09 SpringCloud视频教程_Eureka注册中心高可用集群配置源码及文档.zip<br />\n|____[www.java1234.com]09 SpringCloud视频教程_Eureka注册中心高可用集群配置.mp4<br />\n|____[www.java1234.com]08 SpringCloud视频教程_注册服务提供者到Eureka注册中心源码及文档.zip<br />\n|____[www.java1234.com]08 SpringCloud视频教程_注册服务提供者到Eureka注册中心.mp4<br />\n|____[www.java1234.com]07 SpringCloud视频教程_搭建Eureka服务注册中心源码及文档.zip<br />\n|____[www.java1234.com]07 SpringCloud视频教程_搭建Eureka服务注册中心.mp4<br />\n|____[www.java1234.com]06 SpringCloud视频教程_服务治理组件Eureka简介源码及文档.zip<br />\n|____[www.java1234.com]06 SpringCloud视频教程_服务治理组件Eureka简介.mp4<br />\n|____[www.java1234.com]05 SpringCloud视频教程_服务消费者项目搭建源码及文档.zip<br />\n|____[www.java1234.com]05 SpringCloud视频教程_服务消费者项目搭建.mp4<br />\n|____[www.java1234.com]04 SpringCloud视频教程_服务提供者项目搭建源码及文档.zip<br />\n|____[www.java1234.com]04 SpringCloud视频教程_服务提供者项目搭建.mp4<br />\n|____[www.java1234.com]03 SpringCloud视频教程_公共模块项目搭建源码及文档.zip<br />\n|____[www.java1234.com]03 SpringCloud视频教程_公共模块项目搭建.mp4<br />\n|____[www.java1234.com]02 SpringCloud视频教程_父项目搭建源码及文档.zip<br />\n|____[www.java1234.com]02 SpringCloud视频教程_父项目搭建.mp4<br />\n|____[www.java1234.com]01 SpringCloud视频教程_简介源码及文档.zip<br />\n|____[www.java1234.com]01 SpringCloud视频教程_简介.mp4</p>\n','<p>百度云地址：<a href=\"https://pan.baidu.com/s/1nxSiIafoovD4pe7vShOgqg\" style=\"box-sizing:border-box; color:#337ab7; content-decoration:none; font-family:&quot;Helvetica Neue&quot;, Helvetica, Arial, sans-serif; font-size:14px; font-style:normal; font-variant-ligatures:normal; font-variant-caps:normal; font-weight:400; letter-spacing:normal; orphans:2; content-align:start; content-transform:none; white-space:normal; widows:2; word-spacing:0px; -webkit-content-stroke-width:0px\" target=\"_blank\">https://pan.baidu.com/s/1nxSiIafoovD4pe7vShOgqg</a></p>\n','https://www.bilibili.com/video/BV1jt411T7SR','\0',NULL,'\0',NULL,'\0',NULL,'\0',NULL,7,1),(124,'HttpClient视频教程','20200711020829.jpg','free',111,'<p>HttpClient 是Apache Jakarta Common 下的子项目，可以用来提供高效的、最新的、功能丰富的支持 HTTP 协议的客户端编程工具包，并且它支持 HTTP 协议最新的版本和建议。</p>\n','<p>一头扎进HttpClient<br />\n第一章 问候HttpClient他大爷<br />\n第一节：HttpClient简介<br />\n第二节：HttpClient HelloWorld实现<br />\n第二章 模拟浏览器抓取网页<br />\n第一节：设置请求头消息User-Agent模拟浏览器<br />\n第二节：获取响应内容类型Content-Type<br />\n第三节：获取响应状态Status<br />\n第三章 HttpClient抓取图片<br />\n第一节：HttpClient抓取图片<br />\n第四章 HttpClient使用代理IP<br />\n第一节：HttpClient使用代理IP<br />\n第五章 HttpClient连接超时及读取超时<br />\n第一节：HttpClient连接超时及读取超时</p>\n','<p>百度云地址：<a href=\"https://pan.baidu.com/s/15DK_yEce15uTSgDvWuSXlg\" target=\"_blank\">https://pan.baidu.com/s/15DK_yEce15uTSgDvWuSXlg</a></p>\n','https://www.bilibili.com/video/BV1jt411T7ss','\0',NULL,'\0',NULL,'\0',NULL,'\0',NULL,6,1),(125,'Jsoup视频教程','20200711031358.jpg','free',107,'<p>jsoup 是一款Java 的HTML解析器，可直接解析某个URL地址、HTML文本内容。它提供了一套非常省力的API，可通过DOM，CSS以及类似于jQuery的操作方法来取出和操作数据。</p>\n','<p>一头扎进Jsoup<br />\n第一章 问候Jsoup他大爷<br />\n第一节：Jsoup简介<br />\n第二节：Jsoup HelloWorld实现<br />\n第二章 Jsoup查找DOM元素<br />\n第一节：Jsoup查找DOM元素<br />\n第三章 Jsoup使用选择器语法查找DOM元素<br />\n第一节：Jsoup使用选择器语法查找DOM元素<br />\n第四章 Jsoup获取DOM元素属性值<br />\n第一节：Jsoup获取DOM元素属性值</p>\n','<p>百度云地址：<a href=\"https://pan.baidu.com/s/1ZrOdWK2wB057vnj_ZqUicQ\" target=\"_blank\">https://pan.baidu.com/s/1ZrOdWK2wB057vnj_ZqUicQ</a></p>\n','https://www.bilibili.com/video/BV1jt411T7t4','\0',NULL,'\0',NULL,'\0',NULL,'\0',NULL,6,1),(126,'Java Executor多线程框架视频教程','20200711031311.jpg','free',109,'<p>　　Java Executor框架是Jdk1.5之后推出的，是为了更加方便的开发多线程应用而封装的框架；</p>\n\n<p>　　相比传统的Thread类，Java Executor使用方便，性能更好，更易于管理，而且支持线程池，所以我们在开发爬虫的时候，为了提高爬虫的爬取效率，我们要使用多线程，推荐使用Java的Executor框架来实现，因为Executor框架 既简单又高效；</p>\n','<p>Java Executor多线程框架<br />\n第一章 Java Executor框架使用<br />\n第一节：Java Executor框架特性<br />\n第二节：Java Executor框架在爬虫应用中的使用</p>\n','<p>百度云地址：<a href=\"https://pan.baidu.com/s/1RXVWTsfJHVsDnEBNje3Dyw\" target=\"_blank\">https://pan.baidu.com/s/1RXVWTsfJHVsDnEBNje3Dyw</a></p>\n','https://www.bilibili.com/video/BV1jt411T7vk','\0',NULL,'\0',NULL,'\0',NULL,'\0',NULL,6,1),(127,'log4j日志框架视频教程','20200711020709.jpg','free',111,'<p>Log4j是Apache的一个开源项目，通过使用Log4j，我们可以控制日志信息输送的目的地是控制台、文件、GUI组件，甚至是套接口服务器、NT的事件记录器、UNIX Syslog守护进程等；我们也可以控制每一条日志的输出格式；通过定义每一条日志信息的级别，我们能够更加细致地控制日志的生成过程。最令人感兴趣的就是，这些可以通过一个配置文件来灵活地进行配置，而不需要修改应用的代码。</p>\n','<p>一头扎进Log4j<br />\n第一章 问候Log4j他大爷<br />\n第一节：Log4j简介<br />\n第二节：Log4j HelloWorld实现<br />\n第二章 Log4j配置详解<br />\n第一节：rootLogger根配置<br />\n第二节：log4j日志等级<br />\n第三节：log4j appender输出类型配置<br />\n第四节：log4j layout日志信息格式<br />\n第五节：Log4j Threshold属性指定输出等级<br />\n第六节：Log4j Append属性指定是否追加内容</p>\n','<p>百度云地址：<a href=\"https://pan.baidu.com/s/1hsp7gLe\" target=\"_blank\">https://pan.baidu.com/s/1hsp7gLe</a></p>\n','https://www.bilibili.com/video/BV1jt411T7zt','\0',NULL,'\0',NULL,'\0',NULL,'\0',NULL,6,1),(128,'Ehcache缓存框架视频教程','20200711020657.jpg','free',109,'<p>EhCache 是一个纯Java的进程内缓存框架，具有快速、精干等特点，是Hibernate中默认的CacheProvider。</p>\n','<p>一头扎进Ehcache<br />\n第一章 问候Ehcache他大爷<br />\n第一节：Ehcache简介<br />\n第二节：Ehcache HelloWorld实现<br />\n第二章 常用配置项详解<br />\n第一节：常用配置项详解<br />\n第二节：Ehcache配置持久化到硬盘</p>\n','<p>百度云地址：<a href=\"https://pan.baidu.com/s/16mxPP_HBUms8jHF5ovjWzA\" target=\"_blank\">https://pan.baidu.com/s/16mxPP_HBUms8jHF5ovjWzA</a></p>\n','https://www.bilibili.com/video/BV1jt411T7Mj','\0',NULL,'\0',NULL,'\0',NULL,'\0',NULL,6,1),(129,'HtmlUnit爬虫视频教程','20200711020644.jpg','free',119,'<p>htmlunit 是一款开源的java 页面分析工具，读取页面后，可以有效的使用htmlunit分析页面上的内容。项目可以模拟浏览器运行，被誉为java浏览器的开源实现。是一个没有界面的浏览器，运行速度迅速。是junit的扩展之一</p>\n','<p>[www.java1234.com]一头扎进HtmlUnit视频教程<br />\n|____[www.java1234.com]《一头扎进HtmlUnit》第一讲源码及文档.zip<br />\n|____[www.java1234.com]《一头扎进HtmlUnit》第一讲.mp4<br />\n|____[www.java1234.com]《一头扎进HtmlUnit》第四讲源码及文档.zip<br />\n|____[www.java1234.com]《一头扎进HtmlUnit》第四讲.mp4<br />\n|____[www.java1234.com]《一头扎进HtmlUnit》第三讲源码及文档.zip<br />\n|____[www.java1234.com]《一头扎进HtmlUnit》第三讲.mp4<br />\n|____[www.java1234.com]《一头扎进HtmlUnit》第二讲源码及文档.zip<br />\n|____[www.java1234.com]《一头扎进HtmlUnit》第二讲.mp4</p>\n','<p>百度云地址：<a href=\"https://pan.baidu.com/s/1mhES4I0\" target=\"_blank\">https://pan.baidu.com/s/1mhES4I0</a></p>\n','https://www.bilibili.com/video/BV1jt411T7gL','\0',NULL,'\0',NULL,'\0',NULL,'\0',NULL,6,1),(130,'Jsp日记本系统视频教程','20200712045633.jpg','vip',123,'<p>&nbsp;</p>\n\n<p><span style=\"font-size:16px\"><a href=\"https://www.bilibili.com/video/BV1k4411E7KV/\" target=\"_blank\"><span style=\"color:#e67e22\"><strong>系统b站在线演示</strong></span></a></span></p>\n\n<p>&nbsp;</p>\n\n<p><span style=\"font-size:16px\"><strong>购买至尊vip，所有vip项目都免费享有学习，<a href=\"http://www.java1234.vip/toPayVip\" target=\"_blank\"><span style=\"color:#ff0000\">vip购买链接</span></a></strong></span></p>\n\n<p>本课程单独购买价格是&nbsp;<strong>50</strong>，需要的可以联系锋哥；</p>\n\n<p>微信：QQ527085608</p>\n\n<p><img alt=\"\" src=\"http://www.java1234.vip/articleImages/20200713024736.jpg\" style=\"height:150px; width:150px\" /></p>\n\n<p>&nbsp;</p>\n\n<p>本系统采用传统的Jsp+Servlet+Model的MVC开发模式;</p>\n\n<p>前端采用主流的BootStrap技术，数据库采用Mysql，实现了个人日记本系统;</p>\n\n<p>本视频教程详细讲解了次系统的完整开发;</p>\n\n<p>亮点是Bootstrap的综合运用;</p>\n\n<p>ckeditor的运用以及FileUpload组件上传图片，以及MD5加密的应用；</p>\n\n<p>&nbsp;</p>\n\n<p><img alt=\"\" src=\"/articleImages/20200712053429.png\" /></p>\n\n<p>&nbsp;</p>\n\n<p><img alt=\"\" src=\"/articleImages/20200712053516.png\" /></p>\n\n<p>&nbsp;</p>\n\n<p><img alt=\"\" src=\"/articleImages/20200712053532.png\" /></p>\n\n<p>&nbsp;</p>\n\n<p><img alt=\"\" src=\"/articleImages/20200712053545.png\" /></p>\n\n<p>&nbsp;</p>\n\n<p><img alt=\"\" src=\"/articleImages/20200712053604.png\" /></p>\n\n<p>&nbsp;</p>\n\n<p><img alt=\"\" src=\"/articleImages/20200712053618.png\" /></p>\n\n<p>&nbsp;</p>\n\n<p><img alt=\"\" src=\"/articleImages/20200712053632.png\" /></p>\n\n<p>&nbsp;</p>\n\n<p><img alt=\"\" src=\"/articleImages/20200712053644.png\" /></p>\n\n<p>&nbsp;</p>\n\n<p>&nbsp;</p>\n\n<p>&nbsp;</p>\n\n<p>&nbsp;</p>\n\n<p>&nbsp;</p>\n\n<p>&nbsp;</p>\n\n<p>&nbsp;</p>\n\n<p>&nbsp;</p>\n\n<p>&nbsp;</p>\n\n<p>&nbsp;</p>\n','<p>&nbsp;</p>\n\n<p>【Jsp日记本系统】视频教程第00讲[08分钟]&nbsp;&nbsp; &nbsp;-&nbsp;&nbsp; &nbsp;系统演示<br />\n【Jsp日记本系统】视频教程第01讲[06分钟]&nbsp;&nbsp; &nbsp;-&nbsp;&nbsp; &nbsp;需求分析及数据库设计<br />\n【Jsp日记本系统】视频教程第02讲[35分钟]&nbsp;&nbsp; &nbsp;-&nbsp;&nbsp; &nbsp;登录模块实现（一）<br />\n【Jsp日记本系统】视频教程第03讲[30分钟]&nbsp;&nbsp; &nbsp;-&nbsp;&nbsp; &nbsp;登录模块实现（二）<br />\n【Jsp日记本系统】视频教程第04讲[40分钟]&nbsp;&nbsp; &nbsp;-&nbsp;&nbsp; &nbsp;主界面搭建及用户请求过滤器<br />\n【Jsp日记本系统】视频教程第05讲[45分钟]&nbsp;&nbsp; &nbsp;-&nbsp;&nbsp; &nbsp;日志列表显示及分页实现<br />\n【Jsp日记本系统】视频教程第06讲[30分钟]&nbsp;&nbsp; &nbsp;-&nbsp;&nbsp; &nbsp;日志归类显示<br />\n【Jsp日记本系统】视频教程第07讲[35分钟]&nbsp;&nbsp; &nbsp;-&nbsp;&nbsp; &nbsp;日志主页功能完善<br />\n【Jsp日记本系统】视频教程第08讲[21分钟]&nbsp;&nbsp; &nbsp;-&nbsp;&nbsp; &nbsp;日志信息显示<br />\n【Jsp日记本系统】视频教程第09讲[16分钟]&nbsp;&nbsp; &nbsp;-&nbsp;&nbsp; &nbsp;日志信息添加<br />\n【Jsp日记本系统】视频教程第10讲[23分钟]&nbsp;&nbsp; &nbsp;-&nbsp;&nbsp; &nbsp;日志信息删除与修改<br />\n【Jsp日记本系统】视频教程第11讲[16分钟]&nbsp;&nbsp; &nbsp;-&nbsp;&nbsp; &nbsp;日志类别信息列表显示<br />\n【Jsp日记本系统】视频教程第12讲[23分钟]&nbsp;&nbsp; &nbsp;-&nbsp;&nbsp; &nbsp;日志类别信息添加，修改<br />\n【Jsp日记本系统】视频教程第13讲[27分钟]&nbsp;&nbsp; &nbsp;-&nbsp;&nbsp; &nbsp;日志类别删除及个人信息显示<br />\n【Jsp日记本系统】视频教程第14讲[43分钟]&nbsp;&nbsp; &nbsp;-&nbsp;&nbsp; &nbsp;个人信息修改实现<br />\n&nbsp;</p>\n\n<p>&nbsp;</p>\n\n<p>&nbsp;</p>\n\n<p>&nbsp;</p>\n',NULL,NULL,'\0',NULL,'\0',NULL,'\0',NULL,'\0',NULL,2,1),(131,'Struts2学生信息管理系统视频教程','20200712045844.jpg','vip',108,'<p>&nbsp;</p>\n\n<p><span style=\"font-size:16px\"><a href=\"https://www.bilibili.com/video/BV1r4411E7aJ/\" target=\"_blank\"><span style=\"color:#e67e22\"><strong>系统b站在线演示</strong></span></a></span></p>\n\n<p>&nbsp;</p>\n\n<p><span style=\"font-size:16px\"><strong>购买至尊vip，所有vip项目都免费享有学习，<a href=\"http://www.java1234.vip/toPayVip\" target=\"_blank\"><span style=\"color:#ff0000\">vip购买链接</span></a></strong></span></p>\n\n<p>本课程单独购买价格是&nbsp;<strong>100</strong>，需要的可以联系锋哥；</p>\n\n<p>微信：QQ527085608</p>\n\n<p><img alt=\"\" src=\"http://www.java1234.vip/articleImages/20200713024736.jpg\" style=\"height:150px; width:150px\" /></p>\n\n<p>&nbsp;</p>\n\n<p>本系统采用传统的MVC的技术上，使用Struts2框架替换了Servlet的Controller控制层，提高了控制层的开发效率和减少了维护成本；</p>\n\n<p>前端采用主流的BootStrap技术；</p>\n\n<p>数据库采用Mysql；</p>\n\n<p>运用到Jquery Ajax异步提交技术；</p>\n\n<p>本视频教程详细讲解了次系统的完整开发，亮点是用到了下拉框二级联动，FileUpload组件上传图片，UUID运用，日期控件My97的运用；</p>\n\n<p>&nbsp;</p>\n\n<p><img alt=\"\" src=\"/articleImages/20200712054908.png\" /></p>\n\n<p>&nbsp;</p>\n\n<p><img alt=\"\" src=\"/articleImages/20200712054921.png\" /></p>\n\n<p>&nbsp;</p>\n\n<p><img alt=\"\" src=\"/articleImages/20200712054946.png\" /></p>\n\n<p>&nbsp;</p>\n\n<p><img alt=\"\" src=\"/articleImages/20200712055001.png\" /></p>\n\n<p>&nbsp;</p>\n\n<p><img alt=\"\" src=\"/articleImages/20200712055016.png\" /></p>\n\n<p>&nbsp;</p>\n\n<p><img alt=\"\" src=\"/articleImages/20200712055027.png\" /></p>\n\n<p>&nbsp;</p>\n\n<p><img alt=\"\" src=\"/articleImages/20200712055038.png\" /></p>\n\n<p>&nbsp;</p>\n\n<p><img alt=\"\" src=\"/articleImages/20200712055047.png\" /></p>\n\n<p>&nbsp;</p>\n\n<p>&nbsp;</p>\n','<p>【Struts2学生信息管理系统】视频教程第00讲[15分钟]&nbsp;&nbsp; &nbsp;-&nbsp;&nbsp; &nbsp;系统演示<br />\n【Struts2学生信息管理系统】视频教程第01讲[12分钟]&nbsp;&nbsp; &nbsp;-&nbsp;&nbsp; &nbsp;系统演示<br />\n【Struts2学生信息管理系统】视频教程第02讲[13分钟]&nbsp;&nbsp; &nbsp;-&nbsp;&nbsp; &nbsp;用户登录实现（上）<br />\n【Struts2学生信息管理系统】视频教程第03讲[22分钟]&nbsp;&nbsp; &nbsp;-&nbsp;&nbsp; &nbsp;用户登录实现（下）<br />\n【Struts2学生信息管理系统】视频教程第04讲[15分钟]&nbsp;&nbsp; &nbsp;-&nbsp;&nbsp; &nbsp;系统主界面搭建<br />\n【Struts2学生信息管理系统】视频教程第05讲[28分钟]&nbsp;&nbsp; &nbsp;-&nbsp;&nbsp; &nbsp;数据字典类别维护A<br />\n【Struts2学生信息管理系统】视频教程第06讲[34分钟]&nbsp;&nbsp; &nbsp;-&nbsp;&nbsp; &nbsp;数据字典类别维护B<br />\n【Struts2学生信息管理系统】视频教程第07讲[17分钟]&nbsp;&nbsp; &nbsp;-&nbsp;&nbsp; &nbsp;数据字典类别维护C<br />\n【Struts2学生信息管理系统】视频教程第08讲[21分钟]&nbsp;&nbsp; &nbsp;-&nbsp;&nbsp; &nbsp;数据字典维护A<br />\n【Struts2学生信息管理系统】视频教程第09讲[28分钟]&nbsp;&nbsp; &nbsp;-&nbsp;&nbsp; &nbsp;数据字典维护B<br />\n【Struts2学生信息管理系统】视频教程第10讲[24分钟]&nbsp;&nbsp; &nbsp;-&nbsp;&nbsp; &nbsp;数据字典维护C<br />\n【Struts2学生信息管理系统】视频教程第11讲[11分钟]&nbsp;&nbsp; &nbsp;-&nbsp;&nbsp; &nbsp;年级维护A<br />\n【Struts2学生信息管理系统】视频教程第12讲[16分钟]&nbsp;&nbsp; &nbsp;-&nbsp;&nbsp; &nbsp;年级维护B<br />\n【Struts2学生信息管理系统】视频教程第13讲[15分钟]&nbsp;&nbsp; &nbsp;-&nbsp;&nbsp; &nbsp;班级维护A<br />\n【Struts2学生信息管理系统】视频教程第14讲[22分钟]&nbsp;&nbsp; &nbsp;-&nbsp;&nbsp; &nbsp;班级维护B<br />\n【Struts2学生信息管理系统】视频教程第15讲[28分钟]&nbsp;&nbsp; &nbsp;-&nbsp;&nbsp; &nbsp;学生维护A<br />\n【Struts2学生信息管理系统】视频教程第16讲[44分钟]&nbsp;&nbsp; &nbsp;-&nbsp;&nbsp; &nbsp;学生维护B<br />\n【Struts2学生信息管理系统】视频教程第17讲[25分钟]&nbsp;&nbsp; &nbsp;-&nbsp;&nbsp; &nbsp;学生维护C<br />\n【Struts2学生信息管理系统】视频教程第18讲[17分钟]&nbsp;&nbsp; &nbsp;-&nbsp;&nbsp; &nbsp;学生维护D<br />\n【Struts2学生信息管理系统】视频教程第19讲[24分钟]&nbsp;&nbsp; &nbsp;-&nbsp;&nbsp; &nbsp;学生维护E<br />\n【Struts2学生信息管理系统】视频教程第20讲[44分钟]&nbsp;&nbsp; &nbsp;-&nbsp;&nbsp; &nbsp;学生维护F<br />\n【Struts2学生信息管理系统】视频教程第21讲[28分钟]&nbsp;&nbsp; &nbsp;-&nbsp;&nbsp; &nbsp;学生维护G<br />\n【Struts2学生信息管理系统】视频教程第22讲[25分钟]&nbsp;&nbsp; &nbsp;-&nbsp;&nbsp; &nbsp;修改用户密码<br />\n【Struts2学生信息管理系统】视频教程第23讲[12分钟]&nbsp;&nbsp; &nbsp;-&nbsp;&nbsp; &nbsp;登录拦截器<br />\n&nbsp;</p>\n',NULL,NULL,'\0',NULL,'\0',NULL,'\0',NULL,'\0',NULL,2,1),(132,'Hibernate4在线考试系统视频教程','20200712045830.jpg','vip',109,'<p>&nbsp;</p>\n\n<p><span style=\"font-size:16px\"><a href=\"https://www.bilibili.com/video/BV1r4411E7yh/\" target=\"_blank\"><span style=\"color:#e67e22\"><strong>系统b站在线演示</strong></span></a></span></p>\n\n<p>&nbsp;</p>\n\n<p><span style=\"font-size:16px\"><strong>购买至尊vip，所有vip项目都免费享有学习，<a href=\"http://www.java1234.vip/toPayVip\" target=\"_blank\"><span style=\"color:#ff0000\">vip购买链接</span></a></strong></span></p>\n\n<p>本课程单独购买价格是&nbsp;<strong>100</strong>，需要的可以联系锋哥；</p>\n\n<p>微信：QQ527085608</p>\n\n<p><img alt=\"\" src=\"http://www.java1234.vip/articleImages/20200713024736.jpg\" style=\"height:150px; width:150px\" /></p>\n\n<p>&nbsp;</p>\n\n<p>本系统采用传统的MVC的技术上，使用Struts2框架替换了Servlet的Controller控制层，使用Hibernate ORM框架替换传统的DAO层，提高了数据访问层的开发效率和减少了维护成本；</p>\n\n<p>前端采用主流的BootStrap技术；</p>\n\n<p>数据库采用Mysql；</p>\n\n<p>运用到Jquery Ajax异步提交技术；</p>\n\n<p>本视频教程详细讲解了次系统的完整开发，亮点是UID运用，日期控件My97的运用；</p>\n\n<p>&nbsp;</p>\n\n<p><img alt=\"\" src=\"/articleImages/20200712055639.png\" /></p>\n\n<p>&nbsp;</p>\n\n<p><img alt=\"\" src=\"/articleImages/20200712055651.png\" /></p>\n\n<p>&nbsp;</p>\n\n<p><img alt=\"\" src=\"/articleImages/20200712055702.png\" /></p>\n\n<p>&nbsp;</p>\n\n<p><img alt=\"\" src=\"/articleImages/20200712055716.png\" /></p>\n\n<p>&nbsp;</p>\n\n<p><img alt=\"\" src=\"/articleImages/20200712055728.png\" /></p>\n\n<p>&nbsp;</p>\n\n<p><img alt=\"\" src=\"/articleImages/20200712055739.png\" /></p>\n\n<p>&nbsp;</p>\n\n<p><img alt=\"\" src=\"/articleImages/20200712055751.png\" /></p>\n\n<p>&nbsp;</p>\n\n<p><img alt=\"\" src=\"/articleImages/20200712055805.png\" /></p>\n\n<p>&nbsp;</p>\n\n<p><img alt=\"\" src=\"/articleImages/20200712055817.png\" /></p>\n\n<p>&nbsp;</p>\n\n<p>&nbsp;</p>\n','<p>【Hibernate4在线考试系统】视频教程第00讲[10分钟]&nbsp;&nbsp; &nbsp;-&nbsp;&nbsp; &nbsp;系统演示<br />\n【Hibernate4在线考试系统】视频教程第01讲[11分钟]&nbsp;&nbsp; &nbsp;-&nbsp;&nbsp; &nbsp;系统开发环境搭建<br />\n【Hibernate4在线考试系统】视频教程第02讲[30分钟]&nbsp;&nbsp; &nbsp;-&nbsp;&nbsp; &nbsp;数据库设计<br />\n【Hibernate4在线考试系统】视频教程第03讲[25分钟]&nbsp;&nbsp; &nbsp;-&nbsp;&nbsp; &nbsp;学生登录实现<br />\n【Hibernate4在线考试系统】视频教程第04讲[13分钟]&nbsp;&nbsp; &nbsp;-&nbsp;&nbsp; &nbsp;学生端主页设计实现<br />\n【Hibernate4在线考试系统】视频教程第05讲[17分钟]&nbsp;&nbsp; &nbsp;-&nbsp;&nbsp; &nbsp;选择试卷实现<br />\n【Hibernate4在线考试系统】视频教程第06讲[26分钟]&nbsp;&nbsp; &nbsp;-&nbsp;&nbsp; &nbsp;随机获取题目<br />\n【Hibernate4在线考试系统】视频教程第07讲[20分钟]&nbsp;&nbsp; &nbsp;-&nbsp;&nbsp; &nbsp;考试时间倒计时设定<br />\n【Hibernate4在线考试系统】视频教程第08讲[41分钟]&nbsp;&nbsp; &nbsp;-&nbsp;&nbsp; &nbsp;提交试卷<br />\n【Hibernate4在线考试系统】视频教程第09讲[22分钟]&nbsp;&nbsp; &nbsp;-&nbsp;&nbsp; &nbsp;学生成绩查询实现<br />\n【Hibernate4在线考试系统】视频教程第10讲[22分钟]&nbsp;&nbsp; &nbsp;-&nbsp;&nbsp; &nbsp;学生密码修改<br />\n【Hibernate4在线考试系统】视频教程第11讲[05分钟]&nbsp;&nbsp; &nbsp;-&nbsp;&nbsp; &nbsp;学生安全退出<br />\n【Hibernate4在线考试系统】视频教程第12讲[11分钟]&nbsp;&nbsp; &nbsp;-&nbsp;&nbsp; &nbsp;管理员登录实现<br />\n【Hibernate4在线考试系统】视频教程第13讲[20分钟]]&nbsp;&nbsp; &nbsp;-&nbsp;&nbsp; &nbsp;考生信息查询<br />\n【Hibernate4在线考试系统】视频教程第14讲[36分钟]&nbsp;&nbsp; &nbsp;-&nbsp;&nbsp; &nbsp;考生信息管理-分页查询<br />\n【Hibernate4在线考试系统】视频教程第15讲[22分钟]&nbsp;&nbsp; &nbsp;-&nbsp;&nbsp; &nbsp;考生信息管理-添加实现<br />\n【Hibernate4在线考试系统】视频教程第16讲[18分钟]&nbsp;&nbsp; &nbsp;-&nbsp;&nbsp; &nbsp;考生信息管理-修改删除实现<br />\n【Hibernate4在线考试系统】视频教程第17讲[24分钟]&nbsp;&nbsp; &nbsp;-&nbsp;&nbsp; &nbsp;考生成绩查询<br />\n【Hibernate4在线考试系统】视频教程第18讲[16分钟]&nbsp;&nbsp; &nbsp;-&nbsp;&nbsp; &nbsp;试卷管理-查询删除实现<br />\n【Hibernate4在线考试系统】视频教程第19讲[14分钟]&nbsp;&nbsp; &nbsp;-&nbsp;&nbsp; &nbsp;试卷管理-添加和修改实现<br />\n【Hibernate4在线考试系统】视频教程第20讲[19分钟]&nbsp;&nbsp; &nbsp;-&nbsp;&nbsp; &nbsp;题目管理-分页查询实现<br />\n【Hibernate4在线考试系统】视频教程第21讲[20分钟]&nbsp;&nbsp; &nbsp;-&nbsp;&nbsp; &nbsp;题目管理-详细和删除实现<br />\n【Hibernate4在线考试系统】视频教程第22讲[29分钟]&nbsp;&nbsp; &nbsp;-&nbsp;&nbsp; &nbsp;题目管理-添加和修改实现<br />\n&nbsp;</p>\n',NULL,NULL,'\0',NULL,'\0',NULL,'\0',NULL,'\0',NULL,2,1),(133,'S2SH商城系统视频教程','20200712045818.jpg','vip',109,'<p>&nbsp;</p>\n\n<p><span style=\"font-size:16px\"><a href=\"https://www.bilibili.com/video/BV1r4411E76v/\" target=\"_blank\"><span style=\"color:#e67e22\"><strong>系统b站在线演示</strong></span></a></span></p>\n\n<p>&nbsp;</p>\n\n<p><span style=\"font-size:16px\"><strong>购买至尊vip，所有vip项目都免费享有学习，<a href=\"http://www.java1234.vip/toPayVip\" target=\"_blank\"><span style=\"color:#ff0000\">vip购买链接</span></a></strong></span></p>\n\n<p>本课程单独购买价格是&nbsp;<strong>150</strong>，需要的可以联系锋哥；</p>\n\n<p>微信：QQ527085608</p>\n\n<p><img alt=\"\" src=\"http://www.java1234.vip/articleImages/20200713024736.jpg\" style=\"height:150px; width:150px\" /></p>\n\n<p>&nbsp;</p>\n\n<p>本系统采用了经典的S2SH架构；</p>\n\n<p>jsp作为展现层，Struts2作为控制层，Hibernate作为数据访问层，Spring管理所有bean，并在Service层切入了事务；</p>\n\n<p>系统分用户前台和管理员后台管理；</p>\n\n<p>用户前台采用了传统的Html+css页面；</p>\n\n<p>后台管理采用了EasyUI技术；</p>\n\n<p>数据库采用Mysql；</p>\n\n<p>本系统亮点是充分实使用了Jquery，以及Easyui的综合运用；</p>\n\n<p>是一个值得学习的好项目；</p>\n\n<p>&nbsp;</p>\n\n<p><img alt=\"\" src=\"/articleImages/20200712060317.png\" /></p>\n\n<p>&nbsp;</p>\n\n<p><img alt=\"\" src=\"/articleImages/20200712060333.png\" /></p>\n\n<p>&nbsp;</p>\n\n<p><img alt=\"\" src=\"/articleImages/20200712060347.png\" /></p>\n\n<p>&nbsp;</p>\n\n<p><img alt=\"\" src=\"/articleImages/20200712060403.png\" /></p>\n\n<p>&nbsp;</p>\n\n<p><img alt=\"\" src=\"/articleImages/20200712060414.png\" /></p>\n\n<p>&nbsp;</p>\n\n<p><img alt=\"\" src=\"/articleImages/20200712060426.png\" /></p>\n\n<p>&nbsp;</p>\n\n<p><img alt=\"\" src=\"/articleImages/20200712060440.png\" /></p>\n\n<p>&nbsp;</p>\n\n<p><img alt=\"\" src=\"/articleImages/20200712060453.png\" /></p>\n\n<p>&nbsp;</p>\n\n<p><img alt=\"\" src=\"/articleImages/20200712060504.png\" /></p>\n\n<p>&nbsp;</p>\n\n<p>&nbsp;</p>\n','<p>【S2SH商城系统】视频教程第00讲[22分钟]&nbsp;&nbsp; &nbsp;-&nbsp;&nbsp; &nbsp;系统演示<br />\n【S2SH商城系统】视频教程第01讲[16分钟]&nbsp;&nbsp; &nbsp;-&nbsp;&nbsp; &nbsp;项目框架搭建<br />\n【S2SH商城系统】视频教程第02讲[53分钟]&nbsp;&nbsp; &nbsp;-&nbsp;&nbsp; &nbsp;数据库&amp;实体设计<br />\n【S2SH商城系统】视频教程第03讲[17分钟]&nbsp;&nbsp; &nbsp;-&nbsp;&nbsp; &nbsp;application缓存功能实现A<br />\n【S2SH商城系统】视频教程第04讲[28分钟]&nbsp;&nbsp; &nbsp;-&nbsp;&nbsp; &nbsp;application缓存功能实现B<br />\n【S2SH商城系统】视频教程第05讲[10分钟]&nbsp;&nbsp; &nbsp;-&nbsp;&nbsp; &nbsp;首页功能实现A<br />\n【S2SH商城系统】视频教程第06讲[14分钟]&nbsp;&nbsp; &nbsp;-&nbsp;&nbsp; &nbsp;首页功能实现B<br />\n【S2SH商城系统】视频教程第07讲[28分钟]&nbsp;&nbsp; &nbsp;-&nbsp;&nbsp; &nbsp;大类商品信息列表显示<br />\n【S2SH商城系统】视频教程第08讲[13分钟]&nbsp;&nbsp; &nbsp;-&nbsp;&nbsp; &nbsp;商品查询实现<br />\n【S2SH商城系统】视频教程第09讲[20分钟]&nbsp;&nbsp; &nbsp;-&nbsp;&nbsp; &nbsp;商品详细页面实现<br />\n【S2SH商城系统】视频教程第10讲[14分钟]&nbsp;&nbsp; &nbsp;-&nbsp;&nbsp; &nbsp;公告和新闻查看实现<br />\n【S2SH商城系统】视频教程第11讲[30分钟]&nbsp;&nbsp; &nbsp;-&nbsp;&nbsp; &nbsp;用户注册功能实现<br />\n【S2SH商城系统】视频教程第12讲[18分钟]&nbsp;&nbsp; &nbsp;-&nbsp;&nbsp; &nbsp;用户登录功能实现<br />\n【S2SH商城系统】视频教程第13讲[24分钟]&nbsp;&nbsp; &nbsp;-&nbsp;&nbsp; &nbsp;用户留言功能实现A<br />\n【S2SH商城系统】视频教程第14讲[14分钟]&nbsp;&nbsp; &nbsp;-&nbsp;&nbsp; &nbsp;用户留言功能实现B<br />\n【S2SH商城系统】视频教程第15讲[30分钟]&nbsp;&nbsp; &nbsp;-&nbsp;&nbsp; &nbsp;购物车功能实现A<br />\n【S2SH商城系统】视频教程第16讲[27分钟]&nbsp;&nbsp; &nbsp;-&nbsp;&nbsp; &nbsp;购物车功能实现B<br />\n【S2SH商城系统】视频教程第17讲[33分钟]&nbsp;&nbsp; &nbsp;-&nbsp;&nbsp; &nbsp;购物车功能实现C<br />\n【S2SH商城系统】视频教程第18讲[25分钟]&nbsp;&nbsp; &nbsp;-&nbsp;&nbsp; &nbsp;购物车功能实现D<br />\n【S2SH商城系统】视频教程第19讲[17分钟]&nbsp;&nbsp; &nbsp;-&nbsp;&nbsp; &nbsp;个人中心-个人信息管理<br />\n【S2SH商城系统】视频教程第20讲[30分钟]&nbsp;&nbsp; &nbsp;-&nbsp;&nbsp; &nbsp;个人中心-订单管理A<br />\n【S2SH商城系统】视频教程第21讲[15分钟]&nbsp;&nbsp; &nbsp;-&nbsp;&nbsp; &nbsp;个人中心-订单管理B<br />\n【S2SH商城系统】视频教程第22讲[08分钟]&nbsp;&nbsp; &nbsp;-&nbsp;&nbsp; &nbsp;管理员登录功能实现<br />\n【S2SH商城系统】视频教程第23讲[34分钟]&nbsp;&nbsp; &nbsp;-&nbsp;&nbsp; &nbsp;后台主界面实现<br />\n【S2SH商城系统】视频教程第24讲[27分钟]&nbsp;&nbsp; &nbsp;-&nbsp;&nbsp; &nbsp;后台用户管理模块A<br />\n【S2SH商城系统】视频教程第25讲[26分钟]&nbsp;&nbsp; &nbsp;-&nbsp;&nbsp; &nbsp;后台用户管理模块B<br />\n【S2SH商城系统】视频教程第26讲[37分钟]&nbsp;&nbsp; &nbsp;-&nbsp;&nbsp; &nbsp;后台用户管理模块C<br />\n【S2SH商城系统】视频教程第27讲[34分钟]&nbsp;&nbsp; &nbsp;-&nbsp;&nbsp; &nbsp;后台商品管理模块A<br />\n【S2SH商城系统】视频教程第28讲[38分钟]&nbsp;&nbsp; &nbsp;-&nbsp;&nbsp; &nbsp;后台商品管理模块B<br />\n【S2SH商城系统】视频教程第29讲[42分钟]&nbsp;&nbsp; &nbsp;-&nbsp;&nbsp; &nbsp;后台商品管理模块C<br />\n【S2SH商城系统】视频教程第30讲[18分钟]&nbsp;&nbsp; &nbsp;-&nbsp;&nbsp; &nbsp;后台商品管理模块D<br />\n【S2SH商城系统】视频教程第31讲[16分钟]&nbsp;&nbsp; &nbsp;-&nbsp;&nbsp; &nbsp;后台商品大类管理模块A<br />\n【S2SH商城系统】视频教程第32讲[23分钟]&nbsp;&nbsp; &nbsp;-&nbsp;&nbsp; &nbsp;后台商品大类管理模块B<br />\n【S2SH商城系统】视频教程第33讲[31分钟]&nbsp;&nbsp; &nbsp;-&nbsp;&nbsp; &nbsp;后台商品小类管理模块<br />\n【S2SH商城系统】视频教程第34讲[26分钟]&nbsp;&nbsp; &nbsp;-&nbsp;&nbsp; &nbsp;后台订单管理模块A<br />\n【S2SH商城系统】视频教程第35讲[36分钟]&nbsp;&nbsp; &nbsp;-&nbsp;&nbsp; &nbsp;后台订单管理模块B<br />\n【S2SH商城系统】视频教程第36讲[18分钟]&nbsp;&nbsp; &nbsp;-&nbsp;&nbsp; &nbsp;后台留言管理模块A<br />\n【S2SH商城系统】视频教程第37讲[25分钟]&nbsp;&nbsp; &nbsp;-&nbsp;&nbsp; &nbsp;后台留言管理模块B<br />\n【S2SH商城系统】视频教程第38讲[29分钟]&nbsp;&nbsp; &nbsp;-&nbsp;&nbsp; &nbsp;后台公告管理<br />\n【S2SH商城系统】视频教程第39讲[11分钟]&nbsp;&nbsp; &nbsp;-&nbsp;&nbsp; &nbsp;新闻管理模块<br />\n【S2SH商城系统】视频教程第40讲[20分钟]&nbsp;&nbsp; &nbsp;-&nbsp;&nbsp; &nbsp;标签管理模块<br />\n【S2SH商城系统】视频教程第41讲[32分钟]&nbsp;&nbsp; &nbsp;-&nbsp;&nbsp; &nbsp;系统管理模块<br />\n&nbsp;</p>\n',NULL,NULL,'\0',NULL,'\0',NULL,'\0',NULL,'\0',NULL,2,1),(134,'SpringMvc设备管理系统视频教程','20200712045804.jpg','vip',118,'<p>&nbsp;</p>\n\n<p><a href=\"https://www.bilibili.com/video/BV1r4411E7Ek/\" target=\"_blank\"><span style=\"color:#e67e22\"><strong><span style=\"font-size:16px\">系统b站在线演示</span></strong></span></a></p>\n\n<p>&nbsp;</p>\n\n<p><span style=\"font-size:16px\"><strong>购买至尊vip，所有vip项目都免费享有学习，<a href=\"http://www.java1234.vip/toPayVip\" target=\"_blank\"><span style=\"color:#ff0000\">vip购买链接</span></a></strong></span></p>\n\n<p>本课程单独购买价格是&nbsp;<strong>100</strong>，需要的可以联系锋哥；</p>\n\n<p>微信：QQ527085608</p>\n\n<p><img alt=\"\" src=\"http://www.java1234.vip/articleImages/20200713024736.jpg\" style=\"height:150px; width:150px\" /></p>\n\n<p>&nbsp;</p>\n\n<p>本系统用到了流行的SpringMvc控制层框架；</p>\n\n<p>dao层实用了Spring提供的JdbcTemplate小框架；</p>\n\n<p>根据不同角色，提供了不同的管理页面；</p>\n\n<p>前端采用了主流的BootStrap技术；</p>\n\n<p>数据库采用Mysql；</p>\n\n<p>本系统亮点是BootStrap的运用，以及SpringMvc的使用；</p>\n\n<p>&nbsp;</p>\n\n<p><img alt=\"\" src=\"/articleImages/20200712062137.png\" /></p>\n\n<p>&nbsp;</p>\n\n<p><img alt=\"\" src=\"/articleImages/20200712062345.png\" /></p>\n\n<p>&nbsp;</p>\n\n<p><img alt=\"\" src=\"/articleImages/20200712062356.png\" /></p>\n\n<p>&nbsp;</p>\n\n<p><img alt=\"\" src=\"/articleImages/20200712062407.png\" /></p>\n\n<p>&nbsp;</p>\n\n<p><img alt=\"\" src=\"/articleImages/20200712062418.png\" /></p>\n\n<p>&nbsp;</p>\n\n<p><img alt=\"\" src=\"/articleImages/20200712062428.png\" /></p>\n\n<p>&nbsp;</p>\n\n<p><img alt=\"\" src=\"/articleImages/20200712062437.png\" /></p>\n\n<p>&nbsp;</p>\n\n<p>&nbsp;</p>\n','<p>【SpringMvc设备管理系统】视频教程第00讲[13分钟]&nbsp;&nbsp; &nbsp;-&nbsp;&nbsp; &nbsp;系统演示<br />\n【SpringMvc设备管理系统】视频教程第01讲[08分钟]&nbsp;&nbsp; &nbsp;-&nbsp;&nbsp; &nbsp;需求分析及数据库设计<br />\n【SpringMvc设备管理系统】视频教程第02讲[17分钟]&nbsp;&nbsp; &nbsp;-&nbsp;&nbsp; &nbsp;项目框架搭建<br />\n【SpringMvc设备管理系统】视频教程第03讲[13分钟]&nbsp;&nbsp; &nbsp;-&nbsp;&nbsp; &nbsp;用户登录实现<br />\n【SpringMvc设备管理系统】视频教程第04讲[17分钟]&nbsp;&nbsp; &nbsp;-&nbsp;&nbsp; &nbsp;主界面实现<br />\n【SpringMvc设备管理系统】视频教程第05讲[40分钟]&nbsp;&nbsp; &nbsp;-&nbsp;&nbsp; &nbsp;部门管理A<br />\n【SpringMvc设备管理系统】视频教程第06讲[22分钟]&nbsp;&nbsp; &nbsp;-&nbsp;&nbsp; &nbsp;部门管理B<br />\n【SpringMvc设备管理系统】视频教程第07讲[21分钟]&nbsp;&nbsp; &nbsp;-&nbsp;&nbsp; &nbsp;部门管理C<br />\n【SpringMvc设备管理系统】视频教程第08讲[18分钟]&nbsp;&nbsp; &nbsp;-&nbsp;&nbsp; &nbsp;用户管理A<br />\n【SpringMvc设备管理系统】视频教程第09讲[27分钟]&nbsp;&nbsp; &nbsp;-&nbsp;&nbsp; &nbsp;用户管理B<br />\n【SpringMvc设备管理系统】视频教程第10讲[14分钟]&nbsp;&nbsp; &nbsp;-&nbsp;&nbsp; &nbsp;设备类型管理<br />\n【SpringMvc设备管理系统】视频教程第11讲[18分钟]&nbsp;&nbsp; &nbsp;-&nbsp;&nbsp; &nbsp;采购管理<br />\n【SpringMvc设备管理系统】视频教程第12讲[28分钟]&nbsp;&nbsp; &nbsp;-&nbsp;&nbsp; &nbsp;采购管理B<br />\n【SpringMvc设备管理系统】视频教程第13讲[11分钟]&nbsp;&nbsp; &nbsp;-&nbsp;&nbsp; &nbsp;使用设备管理A<br />\n【SpringMvc设备管理系统】视频教程第14讲[17分钟]&nbsp;&nbsp; &nbsp;-&nbsp;&nbsp; &nbsp;使用设备管理B<br />\n【SpringMvc设备管理系统】视频教程第15讲[24分钟]&nbsp;&nbsp; &nbsp;-&nbsp;&nbsp; &nbsp;维修设备管理A<br />\n【SpringMvc设备管理系统】视频教程第16讲[27分钟]&nbsp;&nbsp; &nbsp;-&nbsp;&nbsp; &nbsp;维修设备管理B<br />\n【SpringMvc设备管理系统】视频教程第17讲[21分钟]&nbsp;&nbsp; &nbsp;-&nbsp;&nbsp; &nbsp;维修设备管理C<br />\n&nbsp;</p>\n',NULL,NULL,'\0',NULL,'\0',NULL,'\0',NULL,'\0',NULL,2,1),(135,'百度云搜索引擎V2.0视频教程','20200712045749.jpg','vip',112,'<p>&nbsp;</p>\n\n<p><span style=\"font-size:14px\"><span style=\"color:#000000\"><span style=\"font-family:&quot;Helvetica Neue&quot;,Helvetica,&quot;PingFang SC&quot;,微软雅黑,Tahoma,Arial,sans-serif\">项目演示：</span></span></span></p>\n\n<p><span style=\"font-size:14px\"><span style=\"color:#000000\"><span style=\"font-family:&quot;Helvetica Neue&quot;,Helvetica,&quot;PingFang SC&quot;,微软雅黑,Tahoma,Arial,sans-serif\">百度云地址：</span></span></span><a href=\"https://eyun.baidu.com/s/3c2y5VG0\" style=\"color:#333333; content-decoration:none; font-family:&quot;Helvetica Neue&quot;, Helvetica, &quot;PingFang SC&quot;, 微软雅黑, Tahoma, Arial, sans-serif; font-size:14px; font-style:normal; font-variant-ligatures:normal; font-variant-caps:normal; font-weight:400; letter-spacing:normal; orphans:2; content-align:start; content-transform:none; white-space:normal; widows:2; word-spacing:0px; -webkit-content-stroke-width:0px\" target=\"_blank\">https://eyun.baidu.com/s/3c2y5VG0</a><span style=\"font-size:14px\"><span style=\"color:#000000\"><span style=\"font-family:&quot;Helvetica Neue&quot;,Helvetica,&quot;PingFang SC&quot;,微软雅黑,Tahoma,Arial,sans-serif\">&nbsp;密码：</span></span></span><span style=\"color:red\">AENG</span><span style=\"font-size:14px\"><span style=\"color:#000000\"><span style=\"font-family:&quot;Helvetica Neue&quot;,Helvetica,&quot;PingFang SC&quot;,微软雅黑,Tahoma,Arial,sans-serif\">&nbsp;&nbsp;(请转存到自己的百度云，看完整版)</span></span></span></p>\n\n<p>&nbsp;</p>\n\n<p>本系统主要采用webservice技术调用香港主机系统里的谷歌自定义搜索来实现百度云搜索；</p>\n\n<p>&nbsp;</p>\n\n<p><img alt=\"\" src=\"/articleImages/20200712063807.png\" /></p>\n\n<p>&nbsp;</p>\n\n<p><img alt=\"\" src=\"/articleImages/20200712063822.png\" /></p>\n\n<p>&nbsp;</p>\n\n<p><img alt=\"\" src=\"/articleImages/20200712063836.png\" /></p>\n\n<p>&nbsp;</p>\n\n<p><img alt=\"\" src=\"/articleImages/20200712063846.png\" /></p>\n\n<p>&nbsp;</p>\n\n<p>&nbsp;</p>\n','<p>【百度云搜索引擎V2.0】视频教程第00讲[11分钟]&nbsp;&nbsp; &nbsp;-&nbsp;&nbsp; &nbsp;系统演示<br />\n【百度云搜索引擎V2.0】视频教程第01讲[14分钟]&nbsp;&nbsp; &nbsp;-&nbsp;&nbsp; &nbsp;申请谷歌自定义搜索<br />\n【百度云搜索引擎V2.0】视频教程第02讲[20分钟]&nbsp;&nbsp; &nbsp;-&nbsp;&nbsp; &nbsp;百度云搜索服务端开发A<br />\n【百度云搜索引擎V2.0】视频教程第03讲[26分钟]&nbsp;&nbsp; &nbsp;-&nbsp;&nbsp; &nbsp;百度云搜索服务端开发B<br />\n【百度云搜索引擎V2.0】视频教程第04讲[24分钟]&nbsp;&nbsp; &nbsp;-&nbsp;&nbsp; &nbsp;百度云搜索客户端首页构建<br />\n【百度云搜索引擎V2.0】视频教程第05讲[20分钟]&nbsp;&nbsp; &nbsp;-&nbsp;&nbsp; &nbsp;客户端webservice请求<br />\n【百度云搜索引擎V2.0】视频教程第06讲[23分钟]&nbsp;&nbsp; &nbsp;-&nbsp;&nbsp; &nbsp;客户端结果页面<br />\n【百度云搜索引擎V2.0】视频教程第07讲[28分钟]&nbsp;&nbsp; &nbsp;-&nbsp;&nbsp; &nbsp;添加webservice调用权限<br />\n【百度云搜索引擎V2.0】视频教程第08讲[14分钟]&nbsp;&nbsp; &nbsp;-&nbsp;&nbsp; &nbsp;移植移动版<br />\n&nbsp;</p>\n',NULL,NULL,'\0',NULL,'\0',NULL,'\0',NULL,'\0',NULL,2,1),(136,'SSM实用网站CMS内容管理系统视频教程','20200712045738.jpg','vip',110,'<p>&nbsp;</p>\n\n<p><span style=\"font-size:16px\"><a href=\"https://www.bilibili.com/video/BV1r4411E7we/\" target=\"_blank\"><span style=\"color:#e67e22\"><strong>系统b站在线演示</strong></span></a></span></p>\n\n<p>&nbsp;</p>\n\n<p><span style=\"font-size:16px\"><strong>购买至尊vip，所有vip项目都免费享有学习，<a href=\"http://www.java1234.vip/toPayVip\" target=\"_blank\"><span style=\"color:#ff0000\">vip购买链接</span></a></strong></span></p>\n\n<p>本课程单独购买价格是&nbsp;<strong>200</strong>，需要的可以联系锋哥；</p>\n\n<p>微信：QQ527085608</p>\n\n<p><img alt=\"\" src=\"http://www.java1234.vip/articleImages/20200713024736.jpg\" style=\"height:150px; width:150px\" /></p>\n\n<p>&nbsp;</p>\n\n<p>使用Spring4+Springmvc+Mybatis3架构；</p>\n\n<p>采用Mysql数据库；</p>\n\n<p>使用Maven3管理项目，使用Shiro作为项目安全框架，支持restful风格；前台网页Html+css纯手工打造；</p>\n\n<p>后台管理使用主流易用的EasyUI轻量级框架；</p>\n\n<p>数据库连接池使用的是阿里巴巴的Druid；</p>\n\n<p>在线编辑器使用了百度的UEditor，支持单图，多图上传，支持截图上传，支持代码高亮特性；</p>\n\n<p>&nbsp;</p>\n\n<p>&nbsp;</p>\n\n<p><img alt=\"\" src=\"/articleImages/20200712064239.png\" /></p>\n\n<p>&nbsp;</p>\n\n<p><img alt=\"\" src=\"/articleImages/20200712064254.png\" /></p>\n\n<p>&nbsp;</p>\n\n<p><img alt=\"\" src=\"/articleImages/20200712064305.png\" /></p>\n\n<p>&nbsp;</p>\n\n<p><img alt=\"\" src=\"/articleImages/20200712064315.png\" /></p>\n\n<p>&nbsp;</p>\n\n<p><img alt=\"\" src=\"/articleImages/20200712064325.png\" /></p>\n\n<p>&nbsp;</p>\n\n<p><img alt=\"\" src=\"/articleImages/20200712064336.png\" /></p>\n\n<p>&nbsp;</p>\n\n<p><img alt=\"\" src=\"/articleImages/20200712064347.png\" /></p>\n\n<p>&nbsp;</p>\n\n<p>&nbsp;</p>\n','<p>【SSM实用网站CMS内容管理系统】视频教程第00讲[11分钟]&nbsp;&nbsp; &nbsp;-&nbsp;&nbsp; &nbsp;系统演示<br />\n【SSM实用网站CMS内容管理系统】视频教程第01讲[18分钟]&nbsp;&nbsp; &nbsp;-&nbsp;&nbsp; &nbsp;项目架构搭建<br />\n【SSM实用网站CMS内容管理系统】视频教程第02讲[28分钟]&nbsp;&nbsp; &nbsp;-&nbsp;&nbsp; &nbsp;后台登录功能实现<br />\n【SSM实用网站CMS内容管理系统】视频教程第03讲[10分钟]&nbsp;&nbsp; &nbsp;-&nbsp;&nbsp; &nbsp;数据库设计<br />\n【SSM实用网站CMS内容管理系统】视频教程第04讲[28分钟]&nbsp;&nbsp; &nbsp;-&nbsp;&nbsp; &nbsp;首页静态页面实现A<br />\n【SSM实用网站CMS内容管理系统】视频教程第05讲[23分钟]&nbsp;&nbsp; &nbsp;-&nbsp;&nbsp; &nbsp;首页静态页面实现B<br />\n【SSM实用网站CMS内容管理系统】视频教程第06讲[17分钟]&nbsp;&nbsp; &nbsp;-&nbsp;&nbsp; &nbsp;系统初始化组件实现<br />\n【SSM实用网站CMS内容管理系统】视频教程第07讲[11分钟]&nbsp;&nbsp; &nbsp;-&nbsp;&nbsp; &nbsp;首页友情链接显示<br />\n【SSM实用网站CMS内容管理系统】视频教程第08讲[14分钟]&nbsp;&nbsp; &nbsp;-&nbsp;&nbsp; &nbsp;所有帖子类别显示<br />\n【SSM实用网站CMS内容管理系统】视频教程第09讲[21分钟]&nbsp;&nbsp; &nbsp;-&nbsp;&nbsp; &nbsp;首页最近更新帖子显示实现<br />\n【SSM实用网站CMS内容管理系统】视频教程第10讲[16分钟]&nbsp;&nbsp; &nbsp;-&nbsp;&nbsp; &nbsp;首页幻灯图片，站长推荐实现<br />\n【SSM实用网站CMS内容管理系统】视频教程第11讲[41分钟]&nbsp;&nbsp; &nbsp;-&nbsp;&nbsp; &nbsp;首页所有类别最近帖子显示<br />\n【SSM实用网站CMS内容管理系统】视频教程第12讲[16分钟]&nbsp;&nbsp; &nbsp;-&nbsp;&nbsp; &nbsp;帖子内容页实现A<br />\n【SSM实用网站CMS内容管理系统】视频教程第13讲[37分钟]&nbsp;&nbsp; &nbsp;-&nbsp;&nbsp; &nbsp;帖子内容页实现B<br />\n【SSM实用网站CMS内容管理系统】视频教程第14讲[23分钟]&nbsp;&nbsp; &nbsp;-&nbsp;&nbsp; &nbsp;帖子内容页实现C<br />\n【SSM实用网站CMS内容管理系统】视频教程第15讲[19分钟]&nbsp;&nbsp; &nbsp;-&nbsp;&nbsp; &nbsp;帖子类别列表A<br />\n【SSM实用网站CMS内容管理系统】视频教程第16讲[24分钟]&nbsp;&nbsp; &nbsp;-&nbsp;&nbsp; &nbsp;帖子类别列表B<br />\n【SSM实用网站CMS内容管理系统】视频教程第17讲[16分钟]&nbsp;&nbsp; &nbsp;-&nbsp;&nbsp; &nbsp;后台主界面搭建<br />\n【SSM实用网站CMS内容管理系统】视频教程第18讲[27分钟]&nbsp;&nbsp; &nbsp;-&nbsp;&nbsp; &nbsp;写帖子A<br />\n【SSM实用网站CMS内容管理系统】视频教程第19讲[25分钟]&nbsp;&nbsp; &nbsp;-&nbsp;&nbsp; &nbsp;写帖子B<br />\n【SSM实用网站CMS内容管理系统】视频教程第20讲[14分钟]&nbsp;&nbsp; &nbsp;-&nbsp;&nbsp; &nbsp;写帖子C<br />\n【SSM实用网站CMS内容管理系统】视频教程第21讲[17分钟]&nbsp;&nbsp; &nbsp;-&nbsp;&nbsp; &nbsp;帖子管理A<br />\n【SSM实用网站CMS内容管理系统】视频教程第22讲[27分钟]&nbsp;&nbsp; &nbsp;-&nbsp;&nbsp; &nbsp;帖子管理B<br />\n【SSM实用网站CMS内容管理系统】视频教程第23讲[20分钟]&nbsp;&nbsp; &nbsp;-&nbsp;&nbsp; &nbsp;帖子管理C<br />\n【SSM实用网站CMS内容管理系统】视频教程第24讲[21分钟]&nbsp;&nbsp; &nbsp;-&nbsp;&nbsp; &nbsp;帖子类别管理A<br />\n【SSM实用网站CMS内容管理系统】视频教程第25讲[23分钟]&nbsp;&nbsp; &nbsp;-&nbsp;&nbsp; &nbsp;帖子类别管理B<br />\n【SSM实用网站CMS内容管理系统】视频教程第26讲[15分钟]&nbsp;&nbsp; &nbsp;-&nbsp;&nbsp; &nbsp;友情链接管理<br />\n【SSM实用网站CMS内容管理系统】视频教程第27讲[21分钟]&nbsp;&nbsp; &nbsp;-&nbsp;&nbsp; &nbsp;系统管理</p>\n',NULL,NULL,'\0',NULL,'\0',NULL,'\0',NULL,'\0',NULL,2,1),(137,'Java爬虫采集jar包系统视频教程','20200712045725.jpg','vip',107,'<p>&nbsp;</p>\n\n<p><span style=\"font-size:16px\"><a href=\"https://www.bilibili.com/video/BV1r4411E7Nr/\" target=\"_blank\"><span style=\"color:#e67e22\"><strong>系统b站在线演示</strong></span></a></span></p>\n\n<p>&nbsp;</p>\n\n<p><span style=\"font-size:16px\"><strong>购买至尊vip，所有vip项目都免费享有学习，<a href=\"http://www.java1234.vip/toPayVip\" target=\"_blank\"><span style=\"color:#ff0000\">vip购买链接</span></a></strong></span></p>\n\n<p>本课程单独购买价格是&nbsp;<strong>200</strong>，需要的可以联系锋哥；</p>\n\n<p>微信：QQ527085608</p>\n\n<p><img alt=\"\" src=\"http://www.java1234.vip/articleImages/20200713024736.jpg\" style=\"height:150px; width:150px\" /></p>\n\n<p>&nbsp;</p>\n\n<p>本系统分两个子系统，一个是CMS系统，一个是爬虫系统；</p>\n\n<p>CMS系统采用SSM架构，Maven3管理，Shiro安全框架，restful风格；</p>\n\n<p>爬虫系统采用HttpClient+Jsoup+多线程+Log4j日志框架实现；</p>\n\n<p>&nbsp;</p>\n\n<p>&nbsp;</p>\n\n<p><img alt=\"\" src=\"/articleImages/20200712064654.png\" /></p>\n\n<p>&nbsp;</p>\n\n<p><img alt=\"\" src=\"/articleImages/20200712064707.png\" /></p>\n\n<p>&nbsp;</p>\n\n<p><img alt=\"\" src=\"/articleImages/20200712064719.png\" /></p>\n\n<p>&nbsp;</p>\n\n<p><img alt=\"\" src=\"/articleImages/20200712064732.png\" /></p>\n\n<p>&nbsp;</p>\n\n<p><img alt=\"\" src=\"/articleImages/20200712064743.png\" /></p>\n\n<p>&nbsp;</p>\n\n<p><img alt=\"\" src=\"/articleImages/20200712064753.png\" /></p>\n\n<p>&nbsp;</p>\n\n<p><img alt=\"\" src=\"/articleImages/20200712064807.png\" /></p>\n\n<p>&nbsp;</p>\n\n<p>&nbsp;</p>\n','<p>【java爬虫采集Jar包系统】视频教程第00讲[22分钟]&nbsp;&nbsp; &nbsp;-&nbsp;&nbsp; &nbsp;系统演示<br />\n【java爬虫采集Jar包系统】视频教程第01讲[25分钟]&nbsp;&nbsp; &nbsp;-&nbsp;&nbsp; &nbsp;爬虫模块A<br />\n【java爬虫采集Jar包系统】视频教程第02讲[27分钟]&nbsp;&nbsp; &nbsp;-&nbsp;&nbsp; &nbsp;爬虫模块B<br />\n【java爬虫采集Jar包系统】视频教程第03讲[25分钟]&nbsp;&nbsp; &nbsp;-&nbsp;&nbsp; &nbsp;爬虫模块C<br />\n【java爬虫采集Jar包系统】视频教程第04讲[22分钟]&nbsp;&nbsp; &nbsp;-&nbsp;&nbsp; &nbsp;爬虫模块D<br />\n【java爬虫采集Jar包系统】视频教程第05讲[21分钟]&nbsp;&nbsp; &nbsp;-&nbsp;&nbsp; &nbsp;爬虫模块E<br />\n【java爬虫采集Jar包系统】视频教程第06讲[29分钟]&nbsp;&nbsp; &nbsp;-&nbsp;&nbsp; &nbsp;根据数据生成Lucene索引文件<br />\n【java爬虫采集Jar包系统】视频教程第07讲[20分钟]&nbsp;&nbsp; &nbsp;-&nbsp;&nbsp; &nbsp;根据数据生成Tag标签<br />\n【java爬虫采集Jar包系统】视频教程第08讲[17分钟]&nbsp;&nbsp; &nbsp;-&nbsp;&nbsp; &nbsp;CMS架构搭建<br />\n【java爬虫采集Jar包系统】视频教程第09讲[17分钟]&nbsp;&nbsp; &nbsp;-&nbsp;&nbsp; &nbsp;后台登录功能实现<br />\n【java爬虫采集Jar包系统】视频教程第10讲[14分钟]&nbsp;&nbsp; &nbsp;-&nbsp;&nbsp; &nbsp;首页静态网页实现<br />\n【java爬虫采集Jar包系统】视频教程第11讲[20分钟]&nbsp;&nbsp; &nbsp;-&nbsp;&nbsp; &nbsp;首页随机Tag标签显示<br />\n【java爬虫采集Jar包系统】视频教程第12讲[20分钟]&nbsp;&nbsp; &nbsp;-&nbsp;&nbsp; &nbsp;查询结果页面A<br />\n【java爬虫采集Jar包系统】视频教程第13讲[34分钟]&nbsp;&nbsp; &nbsp;-&nbsp;&nbsp; &nbsp;查询结果页面B<br />\n【java爬虫采集Jar包系统】视频教程第14讲[25分钟]&nbsp;&nbsp; &nbsp;-&nbsp;&nbsp; &nbsp;查询结果页面C<br />\n【java爬虫采集Jar包系统】视频教程第15讲[22分钟]&nbsp;&nbsp; &nbsp;-&nbsp;&nbsp; &nbsp;详细页面A<br />\n【java爬虫采集Jar包系统】视频教程第16讲[22分钟]&nbsp;&nbsp; &nbsp;-&nbsp;&nbsp; &nbsp;详细页面B<br />\n【java爬虫采集Jar包系统】视频教程第17讲[13分钟]&nbsp;&nbsp; &nbsp;-&nbsp;&nbsp; &nbsp;后台主界面搭建<br />\n【java爬虫采集Jar包系统】视频教程第18讲[20分钟]&nbsp;&nbsp; &nbsp;-&nbsp;&nbsp; &nbsp;Jar包管理A<br />\n【java爬虫采集Jar包系统】视频教程第19讲[23分钟]&nbsp;&nbsp; &nbsp;-&nbsp;&nbsp; &nbsp;Jar包管理B<br />\n【java爬虫采集Jar包系统】视频教程第20讲[28分钟]&nbsp;&nbsp; &nbsp;-&nbsp;&nbsp; &nbsp;Jar包管理C<br />\n【java爬虫采集Jar包系统】视频教程第21讲[11分钟]&nbsp;&nbsp; &nbsp;-&nbsp;&nbsp; &nbsp;Jar包管理D<br />\n【java爬虫采集Jar包系统】视频教程第22讲[10分钟]&nbsp;&nbsp; &nbsp;-&nbsp;&nbsp; &nbsp;Tag标签管理A<br />\n【java爬虫采集Jar包系统】视频教程第23讲[11分钟]&nbsp;&nbsp; &nbsp;-&nbsp;&nbsp; &nbsp;Tag标签管理B<br />\n【java爬虫采集Jar包系统】视频教程第24讲[21分钟]&nbsp;&nbsp; &nbsp;-&nbsp;&nbsp; &nbsp;系统管理</p>\n',NULL,NULL,'\0',NULL,'\0',NULL,'\0',NULL,'\0',NULL,2,1),(138,'Java爬虫博客采集系统视频教程','20200712045715.jpg','vip',117,'<p>&nbsp;</p>\n\n<p><span style=\"font-size:16px\"><a href=\"https://www.bilibili.com/video/BV1C4411E7Ly/\" target=\"_blank\"><span style=\"color:#e67e22\"><strong>系统b站在线演示</strong></span></a></span></p>\n\n<p>&nbsp;</p>\n\n<p><span style=\"font-size:16px\"><strong>购买至尊vip，所有vip项目都免费享有学习，<a href=\"http://www.java1234.vip/toPayVip\" target=\"_blank\"><span style=\"color:#ff0000\">vip购买链接</span></a></strong></span></p>\n\n<p>本课程单独购买价格是&nbsp;<strong>200</strong>，需要的可以联系锋哥；</p>\n\n<p>微信：QQ527085608</p>\n\n<p><img alt=\"\" src=\"http://www.java1234.vip/articleImages/20200713024736.jpg\" style=\"height:150px; width:150px\" /></p>\n\n<p>&nbsp;</p>\n\n<p>本系统分两个子系统，一个是CMS系统，一个是爬虫系统；</p>\n\n<p>CMS系统采用SSM架构，Maven3管理，Shiro安全框架，restful风格；</p>\n\n<p>爬虫系统采用HttpClient+Jsoup+多线程+Log4j日志框架实现+Ehcache缓存框架判断重复URL；</p>\n\n<p>&nbsp;</p>\n\n<p>&nbsp;</p>\n\n<p><img alt=\"\" src=\"/articleImages/20200712065108.png\" /></p>\n\n<p>&nbsp;</p>\n\n<p>&nbsp;</p>\n\n<p><img alt=\"\" src=\"/articleImages/20200712065120.png\" /></p>\n\n<p>&nbsp;</p>\n\n<p><img alt=\"\" src=\"/articleImages/20200712065131.png\" /></p>\n\n<p>&nbsp;</p>\n\n<p><img alt=\"\" src=\"/articleImages/20200712065141.png\" /></p>\n\n<p>&nbsp;</p>\n\n<p><img alt=\"\" src=\"/articleImages/20200712065150.png\" /></p>\n\n<p>&nbsp;</p>\n\n<p><img alt=\"\" src=\"/articleImages/20200712065200.png\" /></p>\n\n<p>&nbsp;</p>\n\n<p><img alt=\"\" src=\"/articleImages/20200712065213.png\" /></p>\n\n<p>&nbsp;</p>\n\n<p>&nbsp;</p>\n','<p>【java爬虫博客采集系统】视频教程第00讲[20分钟]&nbsp;&nbsp; &nbsp;-&nbsp;&nbsp; &nbsp;系统演示<br />\n【java爬虫博客采集系统】视频教程第01讲[08分钟]&nbsp;&nbsp; &nbsp;-&nbsp;&nbsp; &nbsp;博客爬虫模块A<br />\n【java爬虫博客采集系统】视频教程第02讲[21分钟]&nbsp;&nbsp; &nbsp;-&nbsp;&nbsp; &nbsp;博客爬虫模块B<br />\n【java爬虫博客采集系统】视频教程第03讲[15分钟]&nbsp;&nbsp; &nbsp;-&nbsp;&nbsp; &nbsp;博客爬虫模块C<br />\n【java爬虫博客采集系统】视频教程第04讲[20分钟]&nbsp;&nbsp; &nbsp;-&nbsp;&nbsp; &nbsp;博客爬虫模块D<br />\n【java爬虫博客采集系统】视频教程第05讲[38分钟]&nbsp;&nbsp; &nbsp;-&nbsp;&nbsp; &nbsp;博客爬虫模块E<br />\n【java爬虫博客采集系统】视频教程第06讲[14分钟]&nbsp;&nbsp; &nbsp;-&nbsp;&nbsp; &nbsp;博客采集CMS架构<br />\n【java爬虫博客采集系统】视频教程第07讲[18分钟]&nbsp;&nbsp; &nbsp;-&nbsp;&nbsp; &nbsp;登录功能实现<br />\n【java爬虫博客采集系统】视频教程第08讲[16分钟]&nbsp;&nbsp; &nbsp;-&nbsp;&nbsp; &nbsp;后台管理主界面搭建<br />\n【java爬虫博客采集系统】视频教程第09讲[34分钟]&nbsp;&nbsp; &nbsp;-&nbsp;&nbsp; &nbsp;修改密码安全退出实现<br />\n【java爬虫博客采集系统】视频教程第10讲[23分钟]&nbsp;&nbsp; &nbsp;-&nbsp;&nbsp; &nbsp;后台管理-友情链接分页查询实现<br />\n【java爬虫博客采集系统】视频教程第11讲[22分钟]&nbsp;&nbsp; &nbsp;-&nbsp;&nbsp; &nbsp;后台管理-友情链接添加实现<br />\n【java爬虫博客采集系统】视频教程第12讲[17分钟]&nbsp;&nbsp; &nbsp;-&nbsp;&nbsp; &nbsp;后台管理-友情链接修改删除实现<br />\n【java爬虫博客采集系统】视频教程第13讲[14分钟]&nbsp;&nbsp; &nbsp;-&nbsp;&nbsp; &nbsp;后台管理-博客类别模块A<br />\n【java爬虫博客采集系统】视频教程第14讲[22分钟]&nbsp;&nbsp; &nbsp;-&nbsp;&nbsp; &nbsp;后台管理-博客类别模块B<br />\n【java爬虫博客采集系统】视频教程第15讲[21分钟]&nbsp;&nbsp; &nbsp;-&nbsp;&nbsp; &nbsp;后台管理-博客模块A<br />\n【java爬虫博客采集系统】视频教程第16讲[25分钟]&nbsp;&nbsp; &nbsp;-&nbsp;&nbsp; &nbsp;后台管理-博客模块B<br />\n【java爬虫博客采集系统】视频教程第17讲[28分钟]&nbsp;&nbsp; &nbsp;-&nbsp;&nbsp; &nbsp;系统缓存数据实现<br />\n【java爬虫博客采集系统】视频教程第18讲[20分钟]&nbsp;&nbsp; &nbsp;-&nbsp;&nbsp; &nbsp;后台管理-博客模块C<br />\n【java爬虫博客采集系统】视频教程第19讲[27分钟]&nbsp;&nbsp; &nbsp;-&nbsp;&nbsp; &nbsp;后台管理-博客模块D<br />\n【java爬虫博客采集系统】视频教程第20讲[29分钟]&nbsp;&nbsp; &nbsp;-&nbsp;&nbsp; &nbsp;博客首页搭建A<br />\n【java爬虫博客采集系统】视频教程第21讲[36分钟]&nbsp;&nbsp; &nbsp;-&nbsp;&nbsp; &nbsp;博客首页搭建B<br />\n【java爬虫博客采集系统】视频教程第22讲[23分钟]&nbsp;&nbsp; &nbsp;-&nbsp;&nbsp; &nbsp;博客内容页搭建A<br />\n【java爬虫博客采集系统】视频教程第23讲[23分钟]&nbsp;&nbsp; &nbsp;-&nbsp;&nbsp; &nbsp;博客内容页搭建B<br />\n&nbsp;</p>\n',NULL,NULL,'\0',NULL,'\0',NULL,'\0',NULL,'\0',NULL,2,1),(139,'Java爬虫百度云采集系统视频教程','20200712045659.jpg','vip',116,'<p>本系统分两个子系统，一个是CMS系统，一个是爬虫系统；</p>\n\n<p>CMS系统采用SSM架构，Maven3管理，Shiro安全框架，restful风格；</p>\n\n<p>爬虫系统采用HtmlUnit+Log4j日志框架实现+Ehcache缓存框架判断重复URL；</p>\n\n<p>&nbsp;</p>\n\n<p>&nbsp;</p>\n\n<p><img alt=\"\" src=\"/articleImages/20200712065500.png\" /></p>\n\n<p>&nbsp;</p>\n\n<p><img alt=\"\" src=\"/articleImages/20200712065511.png\" /></p>\n\n<p>&nbsp;</p>\n\n<p><img alt=\"\" src=\"/articleImages/20200712065521.png\" /></p>\n\n<p>&nbsp;</p>\n\n<p><img alt=\"\" src=\"/articleImages/20200712065532.png\" /></p>\n\n<p>&nbsp;</p>\n\n<p><img alt=\"\" src=\"/articleImages/20200712065541.png\" /></p>\n\n<p>&nbsp;</p>\n\n<p><img alt=\"\" src=\"/articleImages/20200712065551.png\" /></p>\n\n<p>&nbsp;</p>\n\n<p><img alt=\"\" src=\"/articleImages/20200712065602.png\" /></p>\n\n<p>&nbsp;</p>\n\n<p>&nbsp;</p>\n','<p>【java爬虫-百度云爬虫系统】视频教程第00讲[15分钟]&nbsp;&nbsp; &nbsp;-&nbsp;&nbsp; &nbsp;系统演示<br />\n【java爬虫-百度云爬虫系统】视频教程第01讲[19分钟]&nbsp;&nbsp; &nbsp;-&nbsp;&nbsp; &nbsp;爬虫模块A<br />\n【java爬虫-百度云爬虫系统】视频教程第02讲[35分钟]&nbsp;&nbsp; &nbsp;-&nbsp;&nbsp; &nbsp;爬虫模块B<br />\n【java爬虫-百度云爬虫系统】视频教程第03讲[29分钟]&nbsp;&nbsp; &nbsp;-&nbsp;&nbsp; &nbsp;爬虫模块C<br />\n【java爬虫-百度云爬虫系统】视频教程第04讲[20分钟]&nbsp;&nbsp; &nbsp;-&nbsp;&nbsp; &nbsp;爬虫模块D<br />\n【java爬虫-百度云爬虫系统】视频教程第05讲[14分钟]&nbsp;&nbsp; &nbsp;-&nbsp;&nbsp; &nbsp;百度云CMS架构搭建<br />\n【java爬虫-百度云爬虫系统】视频教程第06讲[16分钟]&nbsp;&nbsp; &nbsp;-&nbsp;&nbsp; &nbsp;百度云CMS登录实现<br />\n【java爬虫-百度云爬虫系统】视频教程第07讲[16分钟]&nbsp;&nbsp; &nbsp;-&nbsp;&nbsp; &nbsp;百度云CMS后台主页面搭建<br />\n【java爬虫-百度云爬虫系统】视频教程第08讲[29分钟]&nbsp;&nbsp; &nbsp;-&nbsp;&nbsp; &nbsp;系统管理实现<br />\n【java爬虫-百度云爬虫系统】视频教程第09讲[19分钟]&nbsp;&nbsp; &nbsp;-&nbsp;&nbsp; &nbsp;百度云用户管理A<br />\n【java爬虫-百度云爬虫系统】视频教程第10讲[20分钟]&nbsp;&nbsp; &nbsp;-&nbsp;&nbsp; &nbsp;百度云用户管理B<br />\n【java爬虫-百度云爬虫系统】视频教程第11讲[26分钟]&nbsp;&nbsp; &nbsp;-&nbsp;&nbsp; &nbsp;百度云用户管理C<br />\n【java爬虫-百度云爬虫系统】视频教程第12讲[29分钟]&nbsp;&nbsp; &nbsp;-&nbsp;&nbsp; &nbsp;百度云资源管理A<br />\n【java爬虫-百度云爬虫系统】视频教程第13讲[18分钟]&nbsp;&nbsp; &nbsp;-&nbsp;&nbsp; &nbsp;百度云资源管理B<br />\n【java爬虫-百度云爬虫系统】视频教程第14讲[29分钟]&nbsp;&nbsp; &nbsp;-&nbsp;&nbsp; &nbsp;首页功能实现<br />\n【java爬虫-百度云爬虫系统】视频教程第15讲[28分钟]&nbsp;&nbsp; &nbsp;-&nbsp;&nbsp; &nbsp;搜索功能实现<br />\n【java爬虫-百度云爬虫系统】视频教程第16讲[35分钟]&nbsp;&nbsp; &nbsp;-&nbsp;&nbsp; &nbsp;列表详细页面实现<br />\n【java爬虫-百度云爬虫系统】视频教程第17讲[19分钟]&nbsp;&nbsp; &nbsp;-&nbsp;&nbsp; &nbsp;百度云资源详细信息页面实现<br />\n&nbsp;</p>\n',NULL,NULL,'\0',NULL,'\0',NULL,'\0',NULL,'\0',NULL,2,1),(140,'vue2+jwt+springboot前后端分离通讯录视频教程','20200712045646.jpg','vip',172,'<p>&nbsp;</p>\n\n<p><span style=\"font-size:16px\"><a href=\"https://www.bilibili.com/video/BV1c4411C7Gx/\" target=\"_blank\"><span style=\"color:#e67e22\"><strong>系统b站在线演示</strong></span></a></span></p>\n\n<p>&nbsp;</p>\n\n<p><span style=\"font-size:16px\"><strong>购买至尊vip，所有vip项目都免费享有学习，<a href=\"http://www.java1234.vip/toPayVip\" target=\"_blank\"><span style=\"color:#e74c3c\">vip购买链接</span></a></strong></span></p>\n\n<p>本课程单独购买价格是 <strong>299</strong>，需要的可以联系锋哥；</p>\n\n<p>微信：QQ527085608</p>\n\n<p><img alt=\"\" src=\"http://www.java1234.vip/articleImages/20200713024736.jpg\" style=\"height:150px; width:150px\" /></p>\n\n<p>本项目后台才用idea开发工具，前端才用webStorm开发工具；</p>\n\n<p>前端才用主流的vue2组件化开发技术，用到常用插件如axios，better-scroll等；</p>\n\n<p>后端才用主流的springboot+mybatis，以及logback日志，druid连接池等；</p>\n\n<p>通过jwt生成的token来实现前后端分离交互，以及token定时刷新实现；</p>\n\n<p>通过本项目的时候，能让java程序员熟练掌握前后端开发流程以及大大的提供前端能力；</p>\n\n<p>本教程同时有webpack项目打包，以及springboot项目打包发布到服务器讲解，非常好的课程，可以作为应届生就业项目，以及在职生提高能力，加薪，跳槽；</p>\n\n<p>&nbsp;</p>\n\n<p>&nbsp;</p>\n\n<p><img alt=\"\" src=\"/articleImages/20200712071521.png\" /></p>\n\n<p>&nbsp;</p>\n\n<p>&nbsp;</p>\n\n<p><img alt=\"\" src=\"/articleImages/20200712071539.png\" /></p>\n\n<p>&nbsp;</p>\n\n<p><img alt=\"\" src=\"/articleImages/20200712071550.png\" /></p>\n\n<p>&nbsp;</p>\n\n<p>&nbsp;</p>\n\n<p>&nbsp;</p>\n','<p>00_vue通讯录_系统介绍以及功能演示 [6分钟]<br />\n01_vue通讯录_项目后端架构搭建springboot+mybatis [18分钟]<br />\n02_vue通讯录_vue前端项目搭建 [10分钟]<br />\n03_vue通讯录_vue前端登录页面实现 [22分钟]<br />\n04_vue通讯录_jwt介绍以及生成token实现 [16分钟]<br />\n05_vue通讯录_登录功能前后端交互实现 [15分钟]<br />\n06_vue通讯录_springboot拦截器实现权限认证 [20分钟]<br />\n07_vue通讯录_logback日志框架介绍及应用 [10分钟]<br />\n08_vue通讯录_jwt token定时刷新实现 [11分钟]<br />\n09_vue通讯录_jwt介绍以及生成token实现 [16分钟]<br />\n10_vue通讯录_登录功能前后端交互实现 [15分钟]<br />\n11_vue通讯录_通讯录列表前后端调用实现 [12分钟]<br />\n12_vue通讯录_better-scroll实现区域滚动 [07分钟]<br />\n13_vue通讯录_通讯录列表右侧字母表显示实现 [09分钟]<br />\n14_vue通讯录_根据字母表点击实现滚动弄到指定位置 [09分钟]<br />\n15_vue通讯录_根据字母表滑动实现滚动到指定位置 [18分钟]<br />\n16_vue通讯录_搜索功能实现 [22分钟]<br />\n17_vue通讯录_头部组件以及图标设置 [10分钟]<br />\n18_vue通讯录_通讯录添加界面实现 [31分钟]<br />\n19_vue通讯录_头像上传实现 [22分钟]<br />\n20_vue通讯录_头像点击全屏显示实现 [15分钟]<br />\n21_vue通讯录_添加功能实现 [19分钟]<br />\n22_vue通讯录_keep-alive性能优化 [09分钟]<br />\n23_vue通讯录_点击显示详细信息 [14分钟]<br />\n24_vue通讯录_修改信息实现 [08分钟]<br />\n25_vue通讯录_删除信息实现 [08分钟]<br />\n26_vue通讯录_编译打包发布服务器 [15分钟]<br />\n&nbsp;</p>\n',NULL,NULL,'\0',NULL,'\0',NULL,'',1,'\0',NULL,2,1),(141,'springboot在线教育平台视频教程','20200713124705.jpg','vip',89371,'<p>&nbsp;</p>\n\n<p>&nbsp;</p>\n\n<p><span style=\"font-size:16px\"><a href=\"https://www.bilibili.com/video/BV13k4y1B7Y9\" target=\"_blank\"><span style=\"color:#e67e22\"><strong>系统b站在线演示</strong></span></a></span></p>\n\n<p>&nbsp;</p>\n\n<p><span style=\"font-size:16px\"><strong>购买至尊vip，所有vip项目都免费享有学习，<a href=\"http://www.java1234.vip/toPayVip\" target=\"_blank\"><span style=\"color:#ff0000\">vip购买链接</span></a></strong></span></p>\n\n<p>本课程单独购买价格是 <strong>299</strong>，需要的可以联系锋哥；</p>\n\n<p>微信：QQ527085608</p>\n\n<p><img alt=\"\" src=\"/articleImages/20200713024736.jpg\" style=\"height:150px; width:150px\" /></p>\n\n<p>&nbsp;</p>\n\n<p>演示站点：<a href=\"http://www.java1234.vip\" target=\"_blank\">http://www.java1234.vip</a></p>\n\n<p>本项目核心技术采用SpringBoot+mybatis，前端是layui；<br />\n开发工具idea；数据库mysql5.7；<br />\n模版引擎采用的是thymeleaf；<br />\n安全框架采用SpringSecurity；<br />\n日志框架采用logback;<br />\n数据库连接池druid；<br />\n在线编辑器ckeditor；<br />\n图片轮播组件jQuerySwipeslider；<br />\n&nbsp;<br />\n假如访问量大，并发大，可以加下mycat中间接，nginx+tomcat集群；<br />\n&nbsp;</p>\n\n<p><img alt=\"\" src=\"/articleImages/20200712105133.png\" /></p>\n\n<p>&nbsp;</p>\n\n<p><strong>本项目是专门为像我这种出身卑微的社会底层穷二代技术狗创业用的，所以烧钱的功能全部去掉，尽可能的省钱；</strong></p>\n\n<p>&nbsp;</p>\n\n<p>本项目设计要求用户界面简约大气，用户操作上简单易用，以及去掉烧钱，维护复杂的功能；</p>\n\n<p>基于以上设计要求，笔者阉割和简化了如下需求功能：</p>\n\n<p>1，登录功能仅支持QQ第三方登录和微信扫码登录，不支持短信和其他账户注册登录，防止被恶心攻击，浪费创业者的精力。</p>\n\n<p>2，支付功能仅支持支付宝和微信；</p>\n\n<p>3，不支持课程评论功能；</p>\n\n<p>4，不支持在线播放课程功能，流量烧钱，维护成本也高，免费课程直接链接b站，收费课程直接加密离线学习；</p>\n\n<p>5，大部分功能是微信群，QQ群维护粉丝和会员，线上维护代价大，成本高。</p>\n\n<p>&nbsp;</p>\n\n<p><img alt=\"\" src=\"/articleImages/20200713123842.jpg\" /></p>\n\n<p>&nbsp;</p>\n\n<p>主要功能实现如下：</p>\n\n<p>本项目分前台用户界面功能和后台管理功能；</p>\n\n<p>前台用户界面功能主要有六个：</p>\n\n<p>1，滚动大条幅展示重要通知和课程或者活动；</p>\n\n<p>2，展示课程，根据实际业务需求，展示课程推荐，最新课程，免费课程，实战课程；</p>\n\n<p>3，课程搜索，用户输入指定课程关键字，可以搜索查询，也可以根据课程类别分类，和类型进行搜索；</p>\n\n<p>4，课程详细展示</p>\n\n<p>5，用户登陆</p>\n\n<p>6，在线支付</p>\n\n<p>&nbsp;</p>\n\n<p>&nbsp;</p>\n\n<p>后台管理设计</p>\n\n<p>1，管理员登录</p>\n\n<p>2，课程管理</p>\n\n<p>3，课程类别管理</p>\n\n<p>4，用户管理</p>\n\n<p>5，授课老师管理</p>\n\n<p>6，订单管理</p>\n\n<p>7，菜单管理</p>\n\n<p>8，友情链接管理</p>\n\n<p>9，系统属性管理</p>\n\n<p>10，自定义帖子管理</p>\n\n<p>11，轮转图片帖子管理</p>\n\n<p>&nbsp;</p>\n\n<p><img alt=\"\" src=\"/articleImages/20200713124220.jpg\" /></p>\n\n<p>&nbsp;</p>\n\n<p><img alt=\"\" src=\"/articleImages/20200713124233.jpg\" /></p>\n\n<p>&nbsp;</p>\n\n<p><img alt=\"\" src=\"/articleImages/20200713124249.jpg\" /></p>\n\n<p>&nbsp;</p>\n\n<p><img alt=\"\" src=\"/articleImages/20200713124302.jpg\" /></p>\n\n<p>&nbsp;</p>\n\n<p>&nbsp;</p>\n\n<p>&nbsp;</p>\n','<p>00_系统介绍以及功能演示【11分钟】</p>\n\n<p>01_项目架构搭建【17分钟】</p>\n\n<p>02_spring security安全框架引入【9分钟】</p>\n\n<p>03_管理员登录功能实现【9分钟】</p>\n\n<p>04_首页静态页面实现【13分钟】</p>\n\n<p>05_虚拟路径映射配置【6分钟】</p>\n\n<p>06_动态菜单显示实现【14分钟】</p>\n\n<p>该项目课程锋哥玩命更新中，敬请期待</p>\n',NULL,NULL,'',1,'',1,'\0',NULL,'',1,2,1);

create table t_foot_menu(
    id bigint not null unique primary key auto_increment,
    name varchar(60),
    url varchar(100),
    sort int(11)

);

insert  into `t_foot_menu`(`id`,`name`,`url`,`sort`) values
    (1,'关于我们1','/article/3',1),(2,'活动通知','/article/9',5),(3,'讲师力量','/article/8',3);

insert  into `t_link`(`id`,`name`,`url`,`sort`,`remark`) values
    (1,'Java知识分享网','http://www.java1234.com',1,'xxx'),
    (2,'java1234博客','http://blog.java1234.com',2,'yyy'),
    (3,'java1234下载','http://download.java1234.com',3,NULL),
    (4,'da32','http://www.baidu.com',3,'ds3');

create table t_property(
    id bigint not null unique primary key auto_increment,
    title varchar(150),
    value varchar(900),
    default_value varchar(900),
    remark varchar(600)
);

insert  into `t_property`(`id`,`title`,`value`,`default_value`,`remark`) values
    (1,'k1','java1234课堂','Java1234课堂','32'),(2,'k2','专业的java在线教育网','专业的java在线教育网','33'),
    (3,'k3','学Java，上Java1234','学Java，上Java1234',NULL),
    (4,'k4','联系锋哥 微信：qq527085608&nbsp;&nbsp;&nbsp;&nbsp;&nbsp;QQ：554605804','联系锋哥 微信：qq527085608&nbsp;&nbsp;&nbsp;&nbsp;&nbsp;QQ：554605804',NULL),
    (5,'k5','&nbsp;Java1234官方24群： 791563025','&nbsp;Java1234官方24群： 791563025',NULL),
    (6,'k6','Copyright ©2012-2020 南通小锋网络科技有限公司 版权所有 Powered by Java1234 苏ICP备13020813','Copyright ©2012-2020 南通小锋网络科技有限公司 版本所有 Powered by Java1234 苏ICP备13020813',NULL),
    (7,'k7','vip会员提供课程答疑服务，vip会员请加锋哥QQ:554605804 或者 微信:qq527085608 拉你进高大上vip专群；','vip会员提供课程答疑服务，vip会员请加锋哥QQ:554605804 或者 微信:qq527085608 拉你进高大上vip专群；','32'),
    (8,'k8','vip会员请加锋哥QQ:554605804 或者 微信:qq527085608 获取高清视频和源码','vip会员请加锋哥QQ:554605804 或者 微信:qq527085608 获取高清视频和源码',NULL),
    (9,'k9','vip会员请加锋哥QQ:554605804 或者 微信:qq527085608 获取VIP资源以及福利，以及拉你进高大上vip QQ专群和微信专群；','vip会员请加锋哥QQ:554605804 或者 微信:qq527085608 获取VIP资源以及福利，以及拉你进高大上vip QQ专群和微信专群；',NULL),
    (10,'k10','790','790','vip会员优惠价'),
    (11,'k11','990','990','vip会员原价'),
    (12,'k12','（活动截止2020年6月16日）','（活动截止2020年6月16日）','活动截止日期'),
    (13,'k13','Copyright ©2012-2020 南通小锋网络科技有限公司','Copyright ©2012-2020 南通小锋网络科技有限公司','移动端的'),
    (14,'k14','Powered by Java1234 苏ICP备13020813','Powered by Java1234 苏ICP备13020813','移动端的');

create table t_article(
    id bigint not null unique primary key auto_increment,
    title varchar(150),
    content content
);

insert  into `t_article`(`id`,`title`,`content`) values
(1,'Java全栈学习路线图','<p>java学习路线图</p>\n\n<p>牛逼。</p>\n\n<p><img alt=\"\" src=\"/articleImages/20200629112941.jpg\" /></p>\n\n<p>&nbsp;</p>\n\n<p><img alt=\"\" src=\"/articleImages/20200629112958.jpg\" /></p>\n\n<p>&nbsp;</p>\n\n<p>&nbsp;</p>\n'),
(2,'VIP会员','<p>vip会员购买页面。</p>\n'),
(3,'关于我们','<p>我们很牛逼的。</p>\n'),
(4,'4','<p>11<img alt=\"\" src=\"/articleImages/20200321092058.gif\" style=\"height:300px; width:300px\" /></p>\n'),
(5,'操蛋人生 无奈 牛逼plus','<p>11<img alt=\"\" src=\"/articleImages/20200321092730.gif\" style=\"height:300px; width:300px\" /></p>\n'),
(6,'开vip送乌克兰进口媳妇','<p>开vip送乌克兰进口媳妇</p>\n\n<p><img alt=\"\" src=\"/articleImages/20200410115029.png\" style=\"height:270px; width:491px\" /></p>\n\n<p>&nbsp;</p>\n\n<p>&nbsp;</p>\n'),
(7,'7','<p>11sss</p>\n'),
(8,'讲师力量','<p>都是锋哥</p>\n'),
(9,'活动通知','<p>活动通知详细信息</p>\n'),
(10,'牛逼菜单','<p>牛逼菜单</p>\n'),
(11,'fdafdsa','<p><img alt=\"\" src=\"/articleImages/20200321044931.jpg\" style=\"height:378px; width:571px\" /></p>\n\n<p>&nbsp;</p>\n\n<p>fdassssssssssssssssssssssssssssssssssssssssssssssssssssssssssssssssssssssssssssffffff2123232323232323232323232323232323232323232323232323232323232323232323232323232323232323232323432222222222222222222222222</p>\n'),
(12,'sds','<p>ds</p>\n'),
(13,'32','<p>3232</p>\n'),
(14,'关于锋哥','<p>锋哥在小房子客厅里最后几个月办公，</p>\n\n<p>留个纪念；</p>\n\n<p><img alt=\"\" src=\"/articleImages/20200405102921.jpg\" style=\"height:933px; width:700px\" /></p>\n');

